기준일자(YYYYMMDD),내국인방문객수,외국인방문객수,전체방문객수
20260902,28287,5916,34203
20260901,26392,11800,38192
20260831,28022,5867,33889
20260830,30354,10069,40423
20260829,31185,7886,39071
20260828,33129,10326,43455
20260827,33421,6826,40247
20260826,33960,6353,40313
20260825,33111,6723,39834
20260824,37428,13286,50714
20260823,34559,6828,41387
20260822,34399,13564,47963
20260821,32664,7730,40394
20260820,31131,6785,37916
20260819,29220,8297,37517
20260818,30946,9210,40156
20260817,34536,5561,40097
20260816,33571,8397,41968
20260815,41137,11491,52628
20260814,40417,8539,48956
20260813,37951,10496,48447
20260812,36634,10342,46976
20260811,32732,6909,39641
20260810,34677,5653,40330
20260809,32389,8621,41010
20260808,33057,6578,39635
20260807,32775,11573,44348
20260806,34636,8778,43414
20260805,35809,12710,48519
20260804,35776,8881,44657
20260803,39959,6218,46177
20260802,41069,6615,47684
20260801,41751,11858,53609
20260731,38260,10693,48953
20260730,37635,6259,43894
20260729,37786,8106,45892
20260728,35764,6715,42479
20260727,37762,13249,51011
20260726,37393,6449,43842
20260725,37576,9472,47048
20260724,35000,7529,42529
20260723,34103,10465,44568
20260722,33452,7851,41303
20260721,30437,6781,37218
20260720,31493,5617,37110
20260719,30397,13360,43757
20260718,28322,8329,36651
20260717,37072,11759,48831
20260716,34258,6219,40477
20260715,30734,9676,40410
20260714,25820,12800,38620
20260713,29614,5821,35435
20260712,22094,5436,27530
20260711,27913,13011,40924
20260710,29664,7509,37173
20260709,28616,8185,36801
20260708,27348,5991,33339
20260707,24707,12911,37618
20260706,27133,7069,34202
20260705,26639,6241,32880
20260704,26185,11585,37770
20260703,27980,5726,33706
20260702,26542,8264,34806
20260701,25702,5881,31583
20260630,21475,9189,30664
20260629,27105,7224,34329
20260628,29336,8109,37445
20260627,29843,5872,35715
20260626,31831,9671,41502
20260625,29218,5499,34717
20260624,28257,6746,35003
20260623,26679,5746,32425
20260622,29783,11827,41610
20260621,29273,11299,40572
20260620,28963,5783,34746
20260619,30432,11926,42358
20260618,28511,5704,34215
20260617,28336,7427,35763
20260616,25881,5714,31595
20260615,29909,9736,39645
20260614,28803,6054,34857
20260613,30919,10848,41767
20260612,31525,8787,40312
20260611,28796,5754,34550
20260610,30181,10242,40423
20260609,27990,12017,40007
20260608,29697,7240,36937
20260607,27314,6772,34086
20260606,29852,9779,39631
20260605,28700,6292,34992
20260604,27270,6968,34238
20260603,32884,9907,42791
20260602,26596,7831,34427
20260601,26710,11429,38139
20260531,29857,9847,39704
20260530,33231,5574,38805
20260529,32499,8220,40719
20260528,29523,13089,42612
20260527,29537,10686,40223
20260526,28049,5030,33079
20260525,27030,4754,31784
20260524,28195,8280,36475
20260523,39011,8662,47673
20260522,36500,9200,45700
20260521,31028,5146,36174
20260520,30260,5030,35290
20260519,29025,10027,39052
20260518,31685,11970,43655
20260517,29762,5486,35248
20260516,31083,9870,40953
20260515,32864,6875,39739
20260514,31781,11922,43703
20260513,32239,5387,37626
20260512,30225,5112,35337
20260511,32753,6932,39685
20260510,29500,8440,37940
20260509,29910,5890,35800
20260508,29046,5414,34460
20260507,26556,10454,37010
20260506,28842,5271,34113
20260505,24868,6337,31205
20260504,26032,9098,35130
20260503,31428,14406,45834
20260502,41052,5712,46764
20260501,41762,11196,52958
20260430,37550,5860,43410
20260429,32746,7465,40211
20260428,31448,5763,37211
20260427,33272,9562,42834
20260426,32139,10424,42563
20260425,33804,8423,42227
20260424,35351,8720,44071
20260423,32469,5393,37862
20260422,31308,8075,39383
20260421,28488,6081,34569
20260420,31070,5315,36385
20260419,30533,13511,44044
20260418,33546,5166,38712
20260417,33829,7552,41381
20260416,32367,11957,44324
20260415,31115,8358,39473
20260414,27923,8358,36281
20260413,31011,6114,37125
20260412,30778,5575,36353
20260411,33819,8355,42174
20260410,38175,6103,44278
20260409,15041,6047,21088
20260408,30286,10626,40912
20260407,30986,8350,39336
20260406,32296,10141,42437
20260405,29609,9630,39239
20260404,31139,5690,36829
20260403,32307,10803,43110
20260402,32521,5292,37813
20260401,33224,6686,39910
20260331,31579,7091,38670
20260330,31058,7463,38521
20260329,29583,5178,34761
20260328,33262,6363,39625
20260327,33860,5323,39183
20260326,31630,7871,39501
20260325,31447,4938,36385
20260324,27912,4492,32404
20260323,29660,7011,36671
20260322,28550,8864,37414
20260321,30514,5473,35987
20260320,31908,6073,37981
20260319,29025,4733,33758
20260318,25477,6821,32298
20260317,24319,4223,28542
20260316,27896,7401,35297
20260315,27699,9398,37097
20260314,29620,7193,36813
20260313,29848,4753,34601
20260312,27212,4961,32173
20260311,24623,7525,32148
20260310,23494,7705,31199
20260309,25170,5001,30171
20260308,25562,4398,29960
20260307,26865,4444,31309
20260306,27217,11318,38535
20260305,23823,4324,28147
20260304,21816,5664,27480
20260303,23306,6960,30266
20260302,22310,3229,25539
20260301,27014,3839,30853
20260228,37844,4144,41988
20260227,35747,8352,44099
20260226,33990,4140,38130
20260225,33887,4363,38250
20260224,31395,4100,35495
20260223,32685,4773,37458
20260222,33182,7374,40556
20260221,34015,4334,38349
20260220,32623,11687,44310
20260219,34980,8388,43368
20260218,36339,4359,40698
20260217,30297,4590,34887
20260216,33727,4497,38224
20260215,39482,8310,47792
20260214,40198,6797,46995
20260213,36242,5017,41259
20260212,32537,4467,37004
20260211,29851,4396,34247
20260210,28677,4195,32872
20260209,33063,9646,42709
20260208,19663,4613,24276
20260207,30820,3885,34705
20260206,31462,4622,36084
20260205,31890,6883,38773
20260204,30152,5324,35476
20260203,28638,4076,32714
20260202,30729,4262,34991
20260201,31340,9939,41279
20260131,31661,4922,36583
20260130,31309,4545,35854
20260129,32190,3956,36146
20260128,31560,8828,40388
20260127,31029,3720,34749
20260126,33611,4045,37656
20260125,32858,6032,38890
20260124,32296,6538,38834
20260123,32854,4376,37230
20260122,31490,4103,35593
20260121,28692,3903,32595
20260120,28872,5018,33890
20260119,32987,3815,36802
20260118,32406,3950,36356
20260117,33441,4148,37589
20260116,34114,6508,40622
20260115,33672,4003,37675
20260114,32636,3796,36432
20260113,32006,3560,35566
20260112,35372,4506,39878
20260111,31376,3787,35163
20260110,30402,4133,34535
20260109,33382,4158,37540
20260108,32342,5708,38050
20260107,30684,3645,34329
20260106,28824,3620,32444
20260105,31160,4362,35522
20260104,30804,4820,35624
20260103,28261,3741,32002
20260102,27825,4230,32055
20260101,34892,4522,39414
20251231,37424,7707,45131
20251230,34381,4159,38540
20251229,34356,4202,38558
20251228,36455,4213,40668
20251227,33557,5421,38978
20251226,33617,5533,39150
20251225,35963,4131,40094
20251224,36561,4081,40642
20251223,30920,5265,36185
20251222,32115,4436,36551
20251221,34401,4229,38630
20251220,33302,3839,37141
20251219,33291,5298,38589
20251218,33572,3397,36969
20251217,30289,3511,33800
20251216,27342,4524,31866
20251215,30287,3538,33825
20251214,31897,4971,36868
20251213,30927,3613,34540
20251212,32370,3809,36179
20251211,30891,4257,35148
20251210,27790,4147,31937
20251209,24835,3291,28126
20251208,28536,3419,31955
20251207,32454,4593,37047
20251206,32733,5157,37890
20251205,34136,3852,37988
20251204,30987,3490,34477
20251203,25751,3118,28869
20251202,24401,5897,30298
20251201,29440,3395,32835
20251130,33308,3493,36801
20251129,34070,3323,37393
20251128,35725,6862,42587
20251127,35138,3210,38348
20251126,32715,3521,36236
20251125,28696,7097,35793
20251124,32515,3627,36142
20251123,35122,3672,38794
20251122,37434,8286,45720
20251121,37779,3669,41448
20251120,37120,3787,40907
20251119,35418,3165,38583
20251118,30775,7336,38111
20251117,33068,4717,37785
20251116,34993,3310,38303
20251115,37333,7371,44704
20251114,38001,4758,42759
20251113,37111,9764,46875
20251112,36538,9522,46060
20251111,31006,3236,34242
20251110,33987,3843,37830
20251109,34947,9222,44169
20251108,37376,4243,41619
20251107,38149,10852,49001
20251106,37224,3140,40364
20251105,36526,3194,39720
20251104,33572,3368,36940
20251103,36397,8409,44806
20251102,34863,5664,40527
20251101,37822,3505,41327
20251031,37000,7962,44962
20251030,35823,8529,44352
20251029,34449,3459,37908
20251028,32948,6666,39614
20251027,36729,3357,40086
20251026,33786,8031,41817
20251025,37758,5873,43631
20251024,40051,12094,52145
20251023,37005,5140,42145
20251022,36412,4413,40825
20251021,34889,6081,40970
20251020,38758,7053,45811
20251019,35065,5755,40820
20251018,35711,9839,45550
20251017,36537,15491,52028
20251016,33191,5107,38298
20251015,33031,6218,39249
20251014,27219,7006,34225
20251013,29654,9705,39359
20251012,28062,4250,32312
20251011,24412,5702,30114
20251010,30139,8155,38294
20251009,38141,8957,47098
20251008,42302,6223,48525
20251007,43671,5503,49174
20251006,43377,4269,47646
20251005,42384,4768,47152
20251004,44597,7425,52022
20251003,43028,5281,48309
20251002,41302,5039,46341
20251001,36559,8919,45478
20250930,31081,4971,36052
20250929,29807,4953,34760
20250928,29594,10008,39602
20250927,31709,5162,36871
20250926,34451,5359,39810
20250925,33444,9139,42583
20250924,31904,9656,41560
20250923,28066,4617,32683
20250922,30852,5008,35860
20250921,32863,5166,38029
20250920,35551,11855,47406
20250919,36709,5170,41879
20250918,34890,4447,39337
20250917,32743,4955,37698
20250916,29577,11800,41377
20250915,33365,7138,40503
20250914,33689,5284,38973
20250913,34792,10228,45020
20250912,36319,10340,46659
20250911,35977,4519,40496
20250910,32676,7064,39740
20250909,27232,8860,36092
20250908,29480,7534,37014
20250907,31439,4946,36385
20250906,33584,9893,43477
20250905,35214,6901,42115
20250904,33884,14404,48288
20250903,31341,4924,36265
20250902,26751,4699,31450
20250901,28893,7112,36005
20250831,32153,11571,43724
20250830,34661,10877,45538
20250829,35863,5074,40937
20250828,35142,4661,39803
20250827,35859,10348,46207
20250826,34656,12432,47088
20250825,37525,5514,43039
20250824,35934,6822,42756
20250823,36409,10613,47022
20250822,37034,5667,42701
20250821,32747,7325,40072
20250820,32083,9280,41363
20250819,31080,5110,36190
20250818,34068,10956,45024
20250817,34137,5456,39593
20250816,33945,8486,42431
20250815,43247,5410,48657
20250814,40132,9995,50127
20250813,37994,5540,43534
20250812,34510,6709,41219
20250811,34987,9352,44339
20250810,33381,10658,44039
20250809,33977,5383,39360
20250808,35371,9160,44531
20250807,33833,5046,38879
20250806,33456,12723,46179
20250805,32059,5359,37418
20250804,36711,7608,44319
20250803,37343,5777,43120
20250802,39510,5460,44970
20250801,40214,6582,46796
20250731,38841,6505,45346
20250730,39922,7259,47181
20250729,37818,4974,42792
20250728,40010,5176,45186
20250727,40574,8230,48804
20250726,41535,5472,47007
20250725,37770,9591,47361
20250724,35671,6086,41757
20250723,35792,13959,49751
20250722,33756,8450,42206
20250721,34729,6893,41622
20250720,32265,10516,42781
20250719,34094,10832,44926
20250718,30800,5339,36139
20250717,27647,11450,39097
20250716,29458,10612,40070
20250715,28511,7009,35520
20250714,31052,7430,38482
20250713,29486,5653,35139
20250712,29718,7392,37110
20250711,31262,10160,41422
20250710,30207,7233,37440
20250709,28419,7056,35475
20250708,27863,12245,40108
20250707,30878,10561,41439
20250706,29928,5432,35360
20250705,30388,12106,42494
20250704,31699,5380,37079
20250703,29810,11087,40897
20250702,28348,5621,33969
20250701,28074,5307,33381
20250630,29979,7394,37373
20250629,31040,10347,41387
20250628,31909,4536,36445
20250627,33728,6542,40270
20250626,32075,8546,40621
20250625,31119,10044,41163
20250624,30171,4732,34903
20250623,30515,8321,38836
20250622,29311,7041,36352
20250621,29431,11383,40814
20250620,31261,7242,38503
20250619,31559,5892,37451
20250618,31868,9252,41120
20250617,31568,8722,40290
20250616,32859,4461,37320
20250615,31523,7338,38861
20250614,30526,9081,39607
20250613,32876,6722,39598
20250612,31981,6356,38337
20250611,33202,8952,42154
20250610,32324,6864,39188
20250609,33974,6220,40194
20250608,33205,8827,42032
20250607,29975,5602,35577
20250606,42166,6735,48901
20250605,37367,6455,43822
20250604,33848,10493,44341
20250603,34375,8257,42632
20250602,34341,9551,43892
20250601,33790,4936,38726
20250531,36518,4248,40766
20250530,35877,13717,49594
20250529,32921,4167,37088
20250528,33443,6044,39487
20250527,32737,4534,37271
20250526,35871,9804,45675
20250525,31808,7235,39043
20250524,33040,4036,37076
20250523,34445,6547,40992
20250522,33080,9915,42995
20250521,33600,6803,40403
20250520,33694,4085,37779
20250519,34412,3983,38395
20250518,31662,12005,43667
20250517,32383,6530,38913
20250516,32780,4559,37339
20250515,31909,5840,37749
20250514,33607,10846,44453
20250513,32435,5945,38380
20250512,36056,7214,43270
20250511,31532,4285,35817
20250510,32893,15537,48430
20250509,28114,3958,32072
20250508,27687,6880,34567
20250507,29466,3892,33358
20250506,30792,7806,38598
20250505,29877,3417,33294
20250504,38560,10591,49151
20250503,38097,4380,42477
20250502,41201,6438,47639
20250501,39365,9542,48907
20250430,36262,5114,41376
20250429,32796,6489,39285
20250428,32798,5567,38365
20250427,31261,8597,39858
20250426,33169,4225,37394
20250425,34427,9408,43835
20250424,32683,6231,38914
20250423,32490,4033,36523
20250422,28232,7995,36227
20250421,30527,8864,39391
20250420,29436,6740,36176
20250419,32052,3885,35937
20250418,32349,8234,40583
20250417,32214,8606,40820
20250416,30781,5565,36346
20250415,27800,3963,31763
20250414,27880,3490,31370
20250413,32162,9098,41260
20250412,24884,4344,29228
20250411,33837,4111,37948
20250410,32302,6322,38624
20250409,29702,8028,37730
20250408,28013,4912,32925
20250407,31412,3718,35130
20250406,29786,7235,37021
20250405,31614,4472,36086
20250404,32721,10392,43113
20250403,31176,6212,37388
20250402,30484,9133,39617
20250401,29570,7634,37204
20250331,30292,5394,35686
20250330,28801,3981,32782
20250329,30778,6539,37317
20250328,30629,8920,39549
20250327,29352,6283,35635
20250326,27487,3898,31385
20250325,26441,3208,29649
20250324,28263,8007,36270
20250323,27748,6616,34364
20250322,29775,7287,37062
20250321,30044,5598,35642
20250320,27584,7244,34828
20250319,25035,3363,28398
20250318,21026,2711,23737
20250317,26064,4605,30669
20250316,21647,2542,24189
20250315,25250,2773,28023
20250314,27063,3410,30473
20250313,23995,4254,28249
20250312,20175,5814,25989
20250311,19996,6295,26291
20250310,21781,2680,24461
20250309,23233,3352,26585
20250308,25397,3425,28822
20250307,26257,7522,33779
20250306,21373,7268,28641
20250305,18884,4347,23231
20250304,17990,2345,20335
20250303,21655,1025,22680
20250302,23927,3581,27508
20250301,34195,2349,36544
20250228,33557,4106,37663
20250227,29588,6964,36552
20250226,28193,2662,30855
20250225,28545,3337,31882
20250224,29019,2191,31210
20250223,27500,6152,33652
20250222,29218,2233,31451
20250221,29712,2904,32616
20250220,29936,3647,33583
20250219,27000,7621,34621
20250218,26732,2600,29332
20250217,28294,2087,30381
20250216,28937,2007,30944
20250215,29565,5626,35191
20250214,29992,2997,32989
20250213,29325,1975,31300
20250212,26841,6942,33783
20250211,26483,6665,33148
20250210,28421,2666,31087
20250209,26218,3720,29938
20250208,28146,3426,31572
20250207,6118,4472,10590
20250206,25440,2516,27956
20250205,21791,3492,25283
20250204,20974,2742,23716
20250203,25177,9008,34185
20250202,25597,3247,28844
20250201,26159,4891,31050
20250131,29561,3985,33546
20250130,33266,5422,38688
20250129,30659,8521,39180
20250128,27989,2639,30628
20250127,33645,3465,37110
20250126,36572,5350,41922
20250125,37001,6630,43631
20250124,30873,3809,34682
20250123,26858,3976,30834
20250122,25019,3574,28593
20250121,25113,7182,32295
20250120,27367,3264,30631
20250119,26546,4405,30951
20250118,27639,2916,30555
20250117,27732,3639,31371
20250116,27034,5972,33006
20250115,26068,2949,29017
20250114,26371,3413,29784
20250113,29414,2781,32195
20250112,27464,4695,32159
20250111,27530,5604,33134
20250110,32735,3459,36194
20250109,15145,882,16027
20250108,23850,3676,27526
20250107,24271,1971,26242
20250106,26109,2759,28868
20250105,25537,2697,28234
20250104,26363,3534,29897
20250103,24366,2843,27209
20250102,26187,2022,28209
20250101,25929,3444,29373
20241231,27976,3895,31871
20241230,29377,4276,33653
20241229,32583,2989,35572
20241228,34227,2988,37215
20241227,30800,4538,35338
20241226,31843,5360,37203
20241225,30291,3277,33568
20241224,29451,3035,32486
20241223,28847,3051,31898
20241222,28278,7609,35887
20241221,31047,2751,33798
20241220,28901,3678,32579
20241219,29974,2632,32606
20241218,29025,4620,33645
20241217,27899,4189,32088
20241216,29957,2730,32687
20241215,29624,2589,32213
20241214,30081,2694,32775
20241213,29280,4155,33435
20241212,28240,3538,31778
20241211,26719,2448,29167
20241210,25627,3875,29502
20241209,27788,4403,32191
20241208,28265,2258,30523
20241207,29346,4163,33509
20241206,28806,2813,31619
20241205,28033,3861,31894
20241204,25784,2365,28149
20241203,25595,2208,27803
20241202,27491,3544,31035
20241201,29605,3771,33376
20241130,31354,2461,33815
20241129,30719,2978,33697
20241128,28651,2748,31399
20241127,21664,2250,23914
20241126,26147,2243,28390
20241125,28720,2366,31086
20241124,30697,4095,34792
20241123,33097,2852,35949
20241122,33001,6223,39224
20241121,31443,2604,34047
20241120,29795,7355,37150
20241119,29362,2297,31659
20241118,30093,4823,34916
20241117,30398,2728,33126
20241116,34101,6045,40146
20241115,33605,3705,37310
20241114,32781,7138,39919
20241113,31533,3331,34864
20241112,30365,3972,34337
20241111,31821,6442,38263
20241110,31677,2586,34263
20241109,34750,5421,40171
20241108,34252,5332,39584
20241107,34056,2494,36550
20241106,32680,5962,38642
20241105,33017,3578,36595
20241104,32795,3744,36539
20241103,32653,2937,35590
20241102,33911,8093,42004
20241101,32720,2287,35007
20241031,31505,3893,35398
20241030,31285,2610,33895
20241029,32234,3886,36120
20241028,32173,8191,40364
20241027,31431,4437,35868
20241026,34099,8190,42289
20241025,34760,9826,44586
20241024,34546,4859,39405
20241023,34293,3277,37570
20241022,34177,3012,37189
20241021,35179,7779,42958
20241020,31740,3509,35249
20241019,32925,9969,42894
20241018,33275,3733,37008
20241017,33366,8325,41691
20241016,34737,3978,38715
20241015,33068,4924,37992
20241014,35011,5744,40755
20241013,33970,5668,39638
20241012,34055,4014,38069
20241011,33311,5843,39154
20241010,29294,4930,34224
20241009,32061,5128,37189
20241008,30620,6564,37184
20241007,31039,4483,35522
20241006,31414,3454,34868
20241005,28570,3962,32532
20241004,28966,5068,34034
20241003,39170,10319,49489
20241002,35909,5110,41019
20241001,35257,5281,40538
20240930,36222,5143,41365
20240929,35122,6609,41731
20240928,40837,4284,45121
20240927,34289,5186,39475
20240926,34962,4284,39246
20240925,34862,5800,40662
20240924,31981,13463,45444
20240923,32985,4313,37298
20240922,32228,3916,36144
20240921,27388,3949,31337
20240920,29611,11452,41063
20240919,33497,5882,39379
20240918,37998,3413,41411
20240917,34694,3477,38171
20240916,37356,3287,40643
20240915,42106,10137,52243
20240914,42906,6256,49162
20240913,40029,4688,44717
20240912,31848,7259,39107
20240911,28191,3086,31277
20240910,26350,5165,31515
20240909,29342,4457,33799
20240908,29984,10456,40440
20240907,32979,3916,36895
20240906,32412,4175,36587
20240905,31867,6568,38435
20240904,30678,9597,40275
20240903,29130,4339,33469
20240902,30173,8310,38483
20240901,32532,5040,37572
20240831,33738,5443,39181
20240830,33625,4521,38146
20240829,33128,4864,37992
20240828,33727,4901,38628
20240827,34738,6869,41607
20240826,35405,8917,44322
20240825,34989,4766,39755
20240824,35780,4778,40558
20240823,34270,4911,39181
20240822,32363,4562,36925
20240821,30104,9590,39694
20240820,28252,7538,35790
20240819,32875,5995,38870
20240818,33000,4489,37489
20240817,30401,9024,39425
20240816,32736,7021,39757
20240815,41410,4540,45950
20240814,38348,11913,50261
20240813,35887,4770,40657
20240812,35667,5040,40707
20240811,36638,7942,44580
20240810,37622,4880,42502
20240809,34623,10437,45060
20240808,34252,7939,42191
20240807,34315,6081,40396
20240806,33638,6751,40389
20240805,36945,4756,41701
20240804,36314,10325,46639
20240803,37498,5416,42914
20240802,37038,7167,44205
20240801,40741,5928,46669
20240731,41123,7638,48761
20240730,39642,6908,46550
20240729,40648,4518,45166
20240728,41112,6872,47984
20240727,41493,4520,46013
20240726,38126,9300,47426
20240725,36816,5953,42769
20240724,35798,3903,39701
20240723,33948,8547,42495
20240722,33635,4442,38077
20240721,33373,6307,39680
20240720,35056,4621,39677
20240719,33413,4275,37688
20240718,31203,4095,35298
20240717,31196,11814,43010
20240716,30397,4616,35013
20240715,30873,5764,36637
20240714,31564,4081,35645
20240713,30374,4214,34588
20240712,30604,5735,36339
20240711,29891,3948,33839
20240710,28512,6667,35179
20240709,24407,4140,28547
20240708,27847,7564,35411
20240707,30487,9985,40472
20240706,31263,5343,36606
20240705,31963,3930,35893
20240704,31737,4306,36043
20240703,30941,8406,39347
20240702,23608,5452,29060
20240701,26970,3803,30773
20240630,27447,4499,31946
20240629,26748,4774,31522
20240628,29678,5654,35332
20240627,30285,3837,34122
20240626,31421,5655,37076
20240625,30382,8457,38839
20240624,33508,3298,36806
20240623,32304,4348,36652
20240622,31979,5900,37879
20240621,33303,7411,40714
20240620,33198,11216,44414
20240619,34503,4031,38534
20240618,31329,4383,35712
20240617,34203,5539,39742
20240616,34350,12243,46593
20240615,35715,6293,42008
20240614,36317,3248,39565
20240613,36151,3602,39753
20240612,34921,9836,44757
20240611,33401,6373,39774
20240610,35229,10178,45407
20240609,35058,3494,38552
20240608,31751,7591,39342
20240607,34194,4133,38327
20240606,44091,3973,48064
20240605,39653,5920,45573
20240604,35583,8501,44084
20240603,37368,3245,40613
20240602,34581,5946,40527
20240601,37381,5735,43116
20240531,35720,7803,43523
20240530,36116,7435,43551
20240529,36813,3713,40526
20240528,36063,5683,41746
20240527,37609,10354,47963
20240526,33669,3649,37318
20240525,35948,3761,39709
20240524,37924,3345,41269
20240523,36710,10587,47297
20240522,36176,6051,42227
20240521,35247,8034,43281
20240520,36400,3138,39538
20240519,34026,3702,37728
20240518,34757,6014,40771
20240517,33975,7429,41404
20240516,33091,3641,36732
20240515,34682,8355,43037
20240514,33392,3764,37156
20240513,33898,7854,41752
20240512,34100,7060,41160
20240511,36920,3783,40703
20240510,34677,7951,42628
20240509,33274,5836,39110
20240508,33276,5156,38432
20240507,33322,3821,37143
20240506,33809,7894,41703
20240505,26699,2980,29679
20240504,42287,5445,47732
20240503,39767,8580,48347
20240502,34668,3818,38486
20240501,36839,11528,48367
20240430,34440,6618,41058
20240429,33845,3594,37439
20240428,34759,3659,38418
20240427,37463,11395,48858
20240426,37808,3232,41040
20240425,35927,6353,42280
20240424,35173,6096,41269
20240423,32116,3657,35773
20240422,33093,7400,40493
20240421,32050,5113,37163
20240420,32813,3596,36409
20240419,36213,2648,38861
20240418,35926,8148,44074
20240417,34509,4322,38831
20240416,33514,8954,42468
20240415,35389,2578,37967
20240414,32583,7436,40019
20240413,34017,4889,38906
20240412,33784,2607,36391
20240411,33745,8468,42213
20240410,36577,3647,40224
20240409,33937,3078,37015
20240408,32697,4681,37378
20240407,33813,7274,41087
20240406,36428,7826,44254
20240405,35655,6246,41901
20240404,33083,6831,39914
20240403,33040,12714,45754
20240402,31612,5693,37305
20240401,34605,2597,37202
20240331,33146,8148,41294
20240330,35139,10783,45922
20240329,35414,3761,39175
20240328,33266,3336,36602
20240327,32834,9438,42272
20240326,31637,3057,34694
20240325,32106,5651,37757
20240324,30715,3717,34432
20240323,32785,8218,41003
20240322,32893,5949,38842
20240321,32563,9864,42427
20240320,29713,5671,35384
20240319,28640,2969,31609
20240318,29808,3836,33644
20240317,29067,3243,32310
20240316,30564,3477,34041
20240315,31313,3228,34541
20240314,29766,7483,37249
20240313,27304,4098,31402
20240312,24324,2569,26893
20240311,26053,3851,29904
20240310,27131,8403,35534
20240309,28556,3086,31642
20240308,29593,3350,32943
20240307,27146,2565,29711
20240306,23910,6974,30884
20240305,21151,2328,23479
20240304,23194,2627,25821
20240303,25787,3864,29651
20240302,26913,7144,34057
20240301,37766,3147,40913
20240229,37680,2291,39971
20240228,35152,2639,37791
20240227,33184,3893,37077
20240226,33548,2587,36135
20240225,34050,2755,36805
20240224,33688,2662,36350
20240223,34049,6412,40461
20240222,32382,2262,34644
20240221,30067,2381,32448
20240220,35643,2256,37899
20240219,18501,7339,25840
20240218,29824,2236,32060
20240217,32897,2842,35739
20240216,34376,5752,40128
20240215,34421,2905,37326
20240214,34480,3100,37580
20240213,34799,7466,42265
20240212,35191,3454,38645
20240211,33672,3584,37256
20240210,34171,5072,39243
20240209,40532,2966,43498
20240208,37271,2794,40065
20240207,30908,2725,33633
20240206,27710,7728,35438
20240205,27078,2888,29966
20240204,28212,2861,31073
20240203,29448,2747,32195
20240202,30374,6447,36821
20240201,31572,2654,34226
20240131,30076,4358,34434
20240130,31158,2314,33472
20240129,34032,3063,37095
20240128,35013,2966,37979
20240127,35903,3042,38945
20240126,34109,3273,37382
20240125,34008,6425,40433
20240124,31338,3158,34496
20240123,1668,1000,2668
20240122,31585,1544,33129
20240121,32644,7875,40519
20240120,32301,2716,35017
20240119,32631,3060,35691
20240118,33005,2469,35474
20240117,32009,6103,38112
20240116,32789,3880,36669
20240115,34860,2172,37032
20240114,34176,2126,36302
20240113,34683,2483,37166
20240112,32981,7065,40046
20240111,33981,2226,36207
20240110,31693,2122,33815
20240109,31547,1721,33268
20240108,33558,4703,38261
20240107,32773,2667,35440
20240106,31914,3624,35538
20240105,30144,2332,32476
20240104,30314,1824,32138
20240103,28623,1593,30216
20240102,31340,4371,35711
20240101,30033,1372,31405
20231231,33120,2348,35468
20231230,39266,3331,42597
20231229,36906,3227,40133
20231228,35913,7209,43122
20231227,35014,4361,39375
20231226,35579,2261,37840
20231225,32121,1654,33775
20231224,33710,2513,36223
20231223,41914,4915,46829
20231222,15558,2395,17953
20231221,19765,2217,21982
20231220,29004,2040,31044
20231219,28255,1728,29983
20231218,31003,2836,33839
20231217,31974,1964,33938
20231216,29074,1624,30698
20231215,31544,2278,33822
20231214,32221,1593,33814
20231213,29453,1668,31121
20231212,26701,2501,29202
20231211,28209,1444,29653
20231210,31649,1415,33064
20231209,32985,2359,35344
20231208,33365,3438,36803
20231207,33038,2922,35960
20231206,26810,1742,28552
20231205,25837,1256,27093
20231204,28886,1406,30292
20231203,30358,1465,31823
20231202,32404,2942,35346
20231201,33159,2299,35458
20231130,31022,1491,32513
20231129,27188,3926,31114
20231128,24988,1300,26288
20231127,29113,2184,31297
20231126,31093,1571,32664
20231125,33373,2176,35549
20231124,33271,2156,35427
20231123,34291,2169,36460
20231122,30470,2662,33132
20231121,27056,1497,28553
20231120,30046,1481,31527
20231119,31660,1917,33577
20231118,32988,2760,35748
20231117,33142,1410,34552
20231116,33783,1848,35631
20231115,33338,1954,35292
20231114,28939,2133,31072
20231113,31573,3281,34854
20231112,31873,5240,37113
20231111,34626,2250,36876
20231110,34309,2343,36652
20231109,33637,2792,36429
20231108,33575,2236,35811
20231107,31709,2999,34708
20231106,32663,1910,34573
20231105,32892,1783,34675
20231104,34191,3136,37327
20231103,34588,2619,37207
20231102,34022,5290,39312
20231101,34316,2295,36611
20231031,33518,1661,35179
20231030,34349,1691,36040
20231029,33485,1859,35344
20231028,37333,4900,42233
20231027,37717,3531,41248
20231026,37892,2099,39991
20231025,37637,1883,39520
20231024,37484,2249,39733
20231023,38367,4801,43168
20231022,37597,2214,39811
20231021,38748,2425,41173
20231020,38527,2007,40534
20231019,38277,2720,40997
20231018,38386,4083,42469
20231017,37732,2164,39896
20231016,39027,1860,40887
20231015,37129,2424,39553
20231014,37365,2331,39696
20231013,36547,4731,41278
20231012,35674,2194,37868
20231011,36322,2251,38573
20231010,35666,2262,37928
20231009,32417,1764,34181
20231008,34051,5195,39246
20231007,45011,2204,47215
20231006,40818,1832,42650
20231005,29442,2902,32344
20231004,30233,4155,34388
20231003,33117,3946,37063
20231002,35894,2391,38285
20231001,41131,2801,43932
20230930,45744,4480,50224
20230929,45734,4132,49866
20230928,45899,3141,49040
20230927,43473,2719,46192
20230926,35835,2839,38674
20230925,28256,2190,30446
20230924,27928,3218,31146
20230923,31555,2590,34145
20230922,32197,2395,34592
20230921,30952,2659,33611
20230920,32064,2904,34968
20230919,30003,2423,32426
20230918,33074,2127,35201
20230917,32236,5811,38047
20230916,33091,2991,36082
20230915,34471,2504,36975
20230914,33054,2398,35452
20230913,33237,2411,35648
20230912,32248,2203,34451
20230911,34285,2014,36299
20230910,33555,2456,36011
20230909,35833,2277,38110
20230908,35442,3022,38464
20230907,34345,2369,36714
20230906,33386,2357,35743
20230905,30982,2633,33615
20230904,32419,2585,35004
20230903,32986,2539,35525
20230902,33028,2358,35386
20230901,32867,2331,35198
20230831,31589,2973,34562
20230830,29927,2341,32268
20230829,30152,2471,32623
20230828,36187,1654,37841
20230827,36231,2534,38765
20230826,36858,2602,39460
20230825,36080,2397,38477
20230824,34456,2765,37221
20230823,34013,2755,36768
20230822,33997,2851,36848
20230821,37096,2202,39298
20230820,35887,3388,39275
20230819,34371,2773,37144
20230818,34543,2243,36786
20230817,32829,2845,35674
20230816,35421,2769,38190
20230815,36969,2664,39633
20230814,36619,6957,43576
20230813,40285,3139,43424
20230812,43914,3000,46914
20230811,41931,3132,45063
20230810,17709,2193,19902
20230809,21289,1379,22668
20230808,34308,2839,37147
20230807,35503,1998,37501
20230806,36255,2759,39014
20230805,36178,2743,38921
20230804,35330,2155,37485
20230803,38241,2914,41155
20230802,41477,2840,44317
20230801,41569,2692,44261
20230731,42095,2082,44177
20230730,43082,2398,45480
20230729,43925,6727,50652
20230728,40938,2539,43477
20230727,40471,2394,42865
20230726,38202,2670,40872
20230725,34998,2553,37551
20230724,34758,1992,36750
20230723,33884,2324,36208
20230722,34636,4786,39422
20230721,32366,2299,34665
20230720,35072,2216,37288
20230719,34616,2551,37167
20230718,29414,2576,31990
20230717,32709,4742,37451
20230716,33171,2403,35574
20230715,31041,2740,33781
20230714,29622,1925,31547
20230713,32573,1988,34561
20230712,33141,2532,35673
20230711,32058,2392,34450
20230710,33771,2082,35853
20230709,32855,2247,35102
20230708,30940,2332,33272
20230707,31487,4749,36236
20230706,33029,2079,35108
20230705,32868,2486,35354
20230704,29058,5662,34720
20230703,30198,1838,32036
20230702,30900,4682,35582
20230701,31288,2100,33388
20230630,30057,2060,32117
20230629,31495,1822,33317
20230628,33838,2316,36154
20230627,31424,2061,33485
20230626,33928,2041,35969
20230625,33171,2022,35193
20230624,35934,2180,38114
20230623,37152,2132,39284
20230622,37783,2168,39951
20230621,36260,2719,38979
20230620,33028,1848,34876
20230619,35279,1554,36833
20230618,35724,1674,37398
20230617,37753,4940,42693
20230616,37424,1729,39153
20230615,37488,1754,39242
20230614,36441,1902,38343
20230613,36222,1877,38099
20230612,38645,1795,40440
20230611,37868,1853,39721
20230610,35212,3982,39194
20230609,36554,4773,41327
20230608,34534,1735,36269
20230607,35856,1754,37610
20230606,34937,1693,36630
20230605,33571,1491,35062
20230604,41180,1702,42882
20230603,46530,1563,48093
20230602,42919,1530,44449
20230601,39509,1303,40812
20230531,36911,1613,38524
20230530,33999,5078,39077
20230529,37309,1741,39050
20230528,36750,1393,38143
20230527,44756,1445,46201
20230526,42551,1416,43967
20230525,39984,1322,41306
20230524,38675,1465,40140
20230523,35886,1459,37345
20230522,39064,1384,40448
20230521,37396,1391,38787
20230520,39540,1402,40942
20230519,40290,1739,42029
20230518,38895,1281,40176
20230517,38082,1341,39423
20230516,37848,1666,39514
20230515,39432,1413,40845
20230514,37004,1326,38330
20230513,38857,1378,40235
20230512,40422,1536,41958
20230511,38609,1117,39726
20230510,39098,3504,42602
20230509,36387,1418,37805
20230508,35820,1424,37244
20230507,26859,1161,28020
20230506,31856,1350,33206
20230505,26907,1086,27993
20230504,19739,1084,20823
20230503,35249,1401,36650
20230502,34189,1825,36014
20230501,39176,1692,40868
20230430,39434,1861,41295
20230429,41953,2008,43961
20230428,42017,1840,43857
20230427,39603,1609,41212
20230426,39022,1314,40336
20230425,35729,1623,37352
20230424,37649,1307,38956
20230423,35956,1727,37683
20230422,38570,1121,39691
20230421,39797,1284,41081
20230420,38745,1204,39949
20230419,37843,1471,39314
20230418,24768,1075,25843
20230417,36537,1309,37846
20230416,36852,1568,38420
20230415,38759,1258,40017
20230414,39688,1429,41117
20230413,38435,1396,39831
20230412,37747,1232,38979
20230411,35610,1299,36909
20230410,38057,1233,39290
20230409,35330,1427,36757
20230408,38233,1119,39352
20230407,39786,1229,41015
20230406,37847,1347,39194
20230405,20817,1298,22115
20230404,30173,1772,31945
20230403,35433,886,36319
20230402,33635,1234,34869
20230401,38137,1092,39229
20230331,39018,1274,40292
20230330,36899,1009,37908
20230329,35469,1118,36587
20230328,34380,1086,35466
20230327,37458,2933,40391
20230326,34966,1262,36228
20230325,40119,1240,41359
20230324,38626,2804,41430
20230323,36533,479,37012
20230322,34044,772,34816
20230321,31403,1234,32637
20230320,36231,516,36747
20230319,36035,2162,38197
20230318,38148,971,39119
20230317,37965,1409,39374
20230316,35423,860,36283
20230315,31404,698,32102
20230314,29950,580,30530
20230313,31567,574,32141
20230312,31694,528,32222
20230311,33670,821,34491
20230310,35294,796,36090
20230309,31357,322,31679
20230308,27679,695,28374
20230307,26596,629,27225
20230306,29026,494,29520
20230305,29722,454,30176
20230304,29916,745,30661
20230303,31060,765,31825
20230302,28746,304,29050
20230301,32646,553,33199
20230228,30561,514,31075
20230227,33066,410,33476
20230226,36504,420,36924
20230225,39018,1059,40077
20230224,38657,802,39459
20230223,36536,325,36861
20230222,35966,556,36522
20230221,35100,504,35604
20230220,36709,267,36976
20230219,36134,386,36520
20230218,38381,663,39044
20230217,38168,792,38960
20230216,37449,298,37747
20230215,37209,503,37712
20230214,36698,454,37152
20230213,37477,243,37720
20230212,36936,435,37371
20230211,37579,545,38124
20230210,37270,630,37900
20230209,36185,221,36406
20230208,35397,487,35884
20230207,34473,499,34972
20230206,36078,283,36361
20230205,34025,364,34389
20230204,33848,598,34446
20230203,34817,566,35383
20230202,33565,329,33894
20230201,34407,447,34854
20230131,32711,541,33252
20230130,34924,334,35258
20230129,34922,426,35348
20230128,34951,624,35575
20230127,29145,730,29875
20230126,35423,335,35758
20230125,43341,796,44137
20230124,765,10,775
20230123,38079,529,38608
20230122,35256,530,35786
20230121,42282,851,43133
20230120,39666,690,40356
20230119,33532,289,33821
20230118,28723,434,29157
20230117,28902,454,29356
20230116,33178,370,33548
20230115,32577,329,32906
20230114,31579,492,32071
20230113,29951,491,30442
20230112,34691,267,34958
20230111,34684,493,35177
20230110,35888,599,36487
20230109,38170,386,38556
20230108,36910,395,37305
20230107,34304,491,34795
20230106,35004,592,35596
20230105,35462,292,35754
20230104,33809,471,34280
20230103,33060,647,33707
20230102,32410,464,32874
20230101,29564,412,29976
20221231,33025,978,34003
20221230,37193,706,37899
20221229,37085,415,37500
20221228,37051,641,37692
20221227,36160,466,36626
20221226,37862,543,38405
20221225,35018,534,35552
20221224,36823,943,37766
20221223,241,234,475
20221222,11580,246,11826
20221221,30298,563,30861
20221220,31231,422,31653
20221219,34320,551,34871
20221218,27634,448,28082
20221217,29938,579,30517
20221216,35358,852,36210
20221215,34640,309,34949
20221214,32032,464,32496
20221213,30195,421,30616
20221212,34004,513,34517
20221211,34280,563,34843
20221210,34293,751,35044
20221209,35586,691,36277
20221208,35546,343,35889
20221207,32805,503,33308
20221206,30615,425,31040
20221205,33309,660,33969
20221204,34309,533,34842
20221203,33544,648,34192
20221202,35942,673,36615
20221201,36149,339,36488
20221130,30911,688,31599
20221129,27180,375,27555
20221128,32919,466,33385
20221127,36790,478,37268
20221126,38223,569,38792
20221125,39492,984,40476
20221124,38838,868,39706
20221123,36865,609,37474
20221122,32680,280,32960
20221121,36943,581,37524
20221120,37112,550,37662
20221119,38800,594,39394
20221118,41593,530,42123
20221117,39899,348,40247
20221116,38988,541,39529
20221115,35441,436,35877
20221114,38397,495,38892
20221113,38559,431,38990
20221112,39485,535,40020
20221111,40246,475,40721
20221110,40630,592,41222
20221109,40153,467,40620
20221108,36947,301,37248
20221107,40937,414,41351
20221106,40481,428,40909
20221105,41884,539,42423
20221104,41531,588,42119
20221103,41259,338,41597
20221102,39294,404,39698
20221101,38833,181,39014
20221031,36919,464,37383
20221030,36225,463,36688
20221029,39306,167,39473
20221028,41434,456,41890
20221027,41486,354,41840
20221026,39935,337,40272
20221025,40143,186,40329
20221024,41621,341,41962
20221023,40480,460,40940
20221022,42448,226,42674
20221021,43449,432,43881
20221020,41967,294,42261
20221019,41618,411,42029
20221018,41400,223,41623
20221017,42441,269,42710
20221016,41920,398,42318
20221015,43054,163,43217
20221014,43051,488,43539
20221013,40625,313,40938
20221012,39478,335,39813
20221011,39580,215,39795
20221010,42254,283,42537
20221009,42229,291,42520
20221008,47455,174,47629
20221007,44983,535,45518
20221006,41790,190,41980
20221005,37621,368,37989
20221004,35981,183,36164
20221003,38059,244,38303
20221002,39626,309,39935
20221001,48474,201,48675
20220930,48384,513,48897
20220929,43182,384,43566
20220928,41877,329,42206
20220927,40045,180,40225
20220926,43786,298,44084
20220925,43795,328,44123
20220924,43380,163,43543
20220923,44473,519,44992
20220922,43862,277,44139
20220921,40282,318,40600
20220920,39331,145,39476
20220919,36797,112,36909
20220918,35608,279,35887
20220917,36081,188,36269
20220916,37626,343,37969
20220915,35579,192,35771
20220914,34155,294,34449
20220913,34632,169,34801
20220912,41072,150,41222
20220911,38807,236,39043
20220910,42519,342,42861
20220909,51145,762,51907
20220908,47151,280,47431
20220907,39343,259,39602
20220906,12252,51,12303
20220905,2106,31,2137
20220904,14236,178,14414
20220903,16219,103,16322
20220902,24734,259,24993
20220901,34809,229,35038
20220831,33294,259,33553
20220830,30932,138,31070
20220829,39251,189,39440
20220828,40760,232,40992
20220827,41585,179,41764
20220826,40863,427,41290
20220825,39528,232,39760
20220824,38286,262,38548
20220823,39156,151,39307
20220822,41992,201,42193
20220821,40267,193,40460
20220820,39425,173,39598
20220819,39220,303,39523
20220818,37876,198,38074
20220817,37222,266,37488
20220816,39426,137,39563
20220815,41663,166,41829
20220814,44249,244,44493
20220813,49429,143,49572
20220812,46587,319,46906
20220811,44934,313,45247
20220810,42605,260,42865
20220809,39273,251,39524
20220808,41877,165,42042
20220807,42341,285,42626
20220806,41880,184,42064
20220805,41263,393,41656
20220804,42976,269,43245
20220803,44649,328,44977
20220802,42170,372,42542
20220801,47280,143,47423
20220731,46558,265,46823
20220730,48347,169,48516
20220729,46246,261,46507
20220728,44177,130,44307
20220727,44052,202,44254
20220726,41355,154,41509
20220725,42244,172,42416
20220724,43090,298,43388
20220723,42596,108,42704
20220722,42564,166,42730
20220721,43188,151,43339
20220720,42130,329,42459
20220719,38406,163,38569
20220718,38811,174,38985
20220717,37651,206,37857
20220716,37600,128,37728
20220715,37827,200,38027
20220714,37577,319,37896
20220713,37661,246,37907
20220712,35514,127,35641
20220711,39138,164,39302
20220710,38828,308,39136
20220709,37587,275,37862
20220708,38770,253,39023
20220707,38116,145,38261
20220706,37096,249,37345
20220705,32057,133,32190
20220704,36085,218,36303
20220703,35465,194,35659
20220702,35546,166,35712
20220701,39994,221,40215
20220630,39479,197,39676
20220629,35760,200,35960
20220628,34671,135,34806
20220627,40565,259,40824
20220626,41210,272,41482
20220625,40109,154,40263
20220624,41790,253,42043
20220623,42113,167,42280
20220622,41114,405,41519
20220621,39262,180,39442
20220620,42475,155,42630
20220619,42574,239,42813
20220618,43130,153,43283
20220617,43717,328,44045
20220616,44060,157,44217
20220615,42083,341,42424
20220614,41073,161,41234
20220613,43989,150,44139
20220612,43773,115,43888
20220611,44545,160,44705
20220610,43764,157,43921
20220609,42965,150,43115
20220608,41259,165,41424
20220607,42417,163,42580
20220606,40681,158,40839
20220605,39927,174,40101
20220604,49251,123,49374
20220603,45180,332,45512
20220602,42635,167,42802
20220601,46508,152,46660
20220531,41616,146,41762
20220530,41840,157,41997
20220529,44521,150,44671
20220528,46947,158,47105
20220527,45401,155,45556
20220526,44112,166,44278
20220525,42038,158,42196
20220524,40554,141,40695
20220523,44008,163,44171
20220522,43541,148,43689
20220521,44399,140,44539
20220520,45436,162,45598
20220519,44330,179,44509
20220518,41805,163,41968
20220517,40359,146,40505
20220516,42850,161,43011
20220515,43123,106,43229
20220514,43623,148,43771
20220513,44580,131,44711
20220512,43482,162,43644
20220511,40854,159,41013
20220510,37986,142,38128
20220509,41484,127,41611
20220508,38348,116,38464
20220507,32301,142,32443
20220506,35324,125,35449
20220505,47728,191,47919
20220504,43756,132,43888
20220503,38033,123,38156
20220502,38154,141,38295
20220501,39511,136,39647
20220430,39868,119,39987
20220429,40850,120,40970
20220428,41326,122,41448
20220427,38630,117,38747
20220426,36027,110,36137
20220425,37776,127,37903
20220424,39867,125,39992
20220423,40611,122,40733
20220422,42661,134,42795
20220421,40879,120,40999
20220420,38831,129,38960
20220419,35695,116,35811
20220418,40533,124,40657
20220417,40083,129,40212
20220416,39317,128,39445
20220415,40919,148,41067
20220414,39366,138,39504
20220413,34518,137,34655
20220412,32884,111,32995
20220411,35705,103,35808
20220410,38044,120,38164
20220409,37856,134,37990
20220408,40707,127,40834
20220407,38747,131,38878
20220406,34167,112,34279
20220405,31624,109,31733
20220404,34380,109,34489
20220403,36637,105,36742
20220402,36680,128,36808
20220401,38534,133,38667
20220331,34361,127,34488
20220330,26157,114,26271
20220329,25935,128,26063
20220328,32741,120,32861
20220327,33895,137,34032
20220326,40196,145,40341
20220325,18957,71,19028
20220324,33200,121,33321
20220323,29421,115,29536
20220322,27347,106,27453
20220321,29597,113,29710
20220320,31063,103,31166
20220319,29504,102,29606
20220318,33352,105,33457
20220317,28126,111,28237
20220316,24817,98,24915
20220315,24995,95,25090
20220314,28455,109,28564
20220313,27292,86,27378
20220312,27124,101,27225
20220311,30829,111,30940
20220310,24739,123,24862
20220309,28550,96,28646
20220308,24304,104,24408
20220307,23213,85,23298
20220306,27403,94,27497
20220305,28461,92,28553
20220304,29775,95,29870
20220303,23351,86,23437
20220302,24029,77,24106
20220301,23543,88,23631
20220228,25784,97,25881
20220227,33707,120,33827
20220226,43609,131,43740
20220225,40961,122,41083
20220224,39379,108,39487
20220223,37098,103,37201
20220222,36505,117,36622
20220221,38792,111,38903
20220220,38309,94,38403
20220219,37886,101,37987
20220218,39169,124,39293
20220217,40420,129,40549
20220216,38307,115,38422
20220215,37643,112,37755
20220214,39819,106,39925
20220213,39275,101,39376
20220212,37388,106,37494
20220211,38625,100,38725
20220210,37951,106,38057
20220209,35837,113,35950
20220208,35632,108,35740
20220207,38279,111,38390
20220206,37157,115,37272
20220205,32388,108,32496
20220204,35073,125,35198
20220203,39142,121,39263
20220202,42565,132,42697
20220201,35153,112,35265
20220131,33073,136,33209
20220130,44231,173,44404
20220129,47711,151,47862
20220128,40278,125,40403
20220127,36430,118,36548
20220126,32387,109,32496
20220125,32449,113,32562
20220124,36127,112,36239
20220123,36336,117,36453
20220122,35531,109,35640
20220121,37475,114,37589
20220120,38630,123,38753
20220119,35550,117,35667
20220118,36731,134,36865
20220117,40074,139,40213
20220116,38985,126,39111
20220115,38654,118,38772
20220114,40329,125,40454
20220113,39143,131,39274
20220112,37302,132,37434
20220111,36681,132,36813
20220110,40834,142,40976
20220109,39715,104,39819
20220108,37912,119,38031
20220107,37646,124,37770
20220106,37464,146,37610
20220105,34332,128,34460
20220104,33253,124,33377
20220103,34836,132,34968
20220102,32680,113,32793
20220101,29409,115,29524
20211231,41492,119,41611
20211230,41023,122,41145
20211229,38874,138,39012
20211228,36086,143,36229
20211227,39472,143,39615
20211226,35600,119,35719
20211225,32118,108,32226
20211224,34767,123,34890
20211223,32361,127,32488
20211222,30042,105,30147
20211221,28715,121,28836
20211220,32442,118,32560
20211219,33343,102,33445
20211218,32928,105,33033
20211217,34412,103,34515
20211216,34504,94,34598
20211215,30195,107,30302
20211214,30138,98,30236
20211213,34313,115,34428
20211212,34940,125,35065
20211211,35524,118,35642
20211210,36603,125,36728
20211209,35947,116,36063
20211208,32524,127,32651
20211207,32458,149,32607
20211206,37225,109,37334
20211205,36960,113,37073
20211204,37469,119,37588
20211203,39426,130,39556
20211202,39436,136,39572
20211201,37517,128,37645
20211130,29901,104,30005
20211129,36697,133,36830
20211128,38386,124,38510
20211127,40173,157,40330
20211126,42128,160,42288
20211125,41903,157,42060
20211124,39445,135,39580
20211123,35785,178,35963
20211122,38903,136,39039
20211121,39154,146,39300
20211120,41164,155,41319
20211119,43893,145,44038
20211118,41743,164,41907
20211117,42146,141,42287
20211116,39823,154,39977
20211115,42864,146,43010
20211114,42822,143,42965
20211113,44577,150,44727
20211112,43039,157,43196
20211111,42242,131,42373
20211110,39272,143,39415
20211109,36402,102,36504
20211108,39123,111,39234
20211107,39752,122,39874
20211106,40951,138,41089
20211105,41922,135,42057
20211104,42110,126,42236
20211103,39987,132,40119
20211102,37107,224,37331
20211101,40270,130,40400
20211031,36854,148,37002
20211030,40371,135,40506
20211029,40412,132,40544
20211028,39535,149,39684
20211027,36155,129,36284
20211026,35588,134,35722
20211025,38775,123,38898
20211024,39499,130,39629
20211023,39316,125,39441
20211022,40541,150,40691
20211021,39757,107,39864
20211020,36433,119,36552
20211019,32714,123,32837
20211018,37129,132,37261
20211017,39222,127,39349
20211016,37251,113,37364
20211015,39255,135,39390
20211014,37139,125,37264
20211013,32443,116,32559
20211012,32050,138,32188
20211011,37275,115,37390
20211010,36866,99,36965
20211009,47173,152,47325
20211008,43451,136,43587
20211007,36924,120,37044
20211006,30174,128,30302
20211005,30218,112,30330
20211004,34223,109,34332
20211003,33944,101,34045
20211002,44674,136,44810
20211001,42657,141,42798
20210930,35472,156,35628
20210929,26208,116,26324
20210928,25808,113,25921
20210927,32137,121,32258
20210926,34005,130,34135
20210925,32402,128,32530
20210924,34185,154,34339
20210923,36853,197,37050
20210922,44463,138,44601
20210921,33233,172,33405
20210920,36648,241,36889
20210919,47875,671,48546
20210918,50400,418,50818
20210917,36416,205,36621
20210916,21138,109,21247
20210915,16663,158,16821
20210914,14262,94,14356
20210913,20095,110,20205
20210912,26912,122,27034
20210911,29357,116,29473
20210910,30609,118,30727
20210909,26835,124,26959
20210908,25306,132,25438
20210907,21623,114,21737
20210906,25194,127,50515
20210905,27548,135,27683
20210904,29543,188,29731
20210903,29645,163,29808
20210902,25360,114,25474
20210901,26959,141,27100
20210831,22716,90,22806
20210830,26901,100,27001
20210829,30910,122,31032
20210828,31947,123,32070
20210827,31231,133,31364
20210826,28443,141,28584
20210825,25924,121,26045
20210824,21369,73,21442
20210823,20204,49,20253
20210822,28674,154,28828
20210821,25248,123,25371
20210820,27721,144,27865
20210819,26510,141,26651
20210818,27032,135,27167
20210817,28135,131,28266
20210816,33086,116,33202
20210815,34645,142,34787
20210814,42083,162,42245
20210813,39083,128,39211
20210812,34798,131,34929
20210811,34355,151,34506
20210810,30086,138,30224
20210809,33003,152,33155
20210808,36029,125,36154
20210807,35594,143,35737
20210806,35895,150,36045
20210805,35681,182,35863
20210804,37566,221,37787
20210803,34699,211,34910
20210802,38372,199,38571
20210801,44137,245,44382
20210731,46728,181,46909
20210730,42616,167,42783
20210729,38927,144,39071
20210728,37568,172,37740
20210727,32429,139,32568
20210726,33980,140,34120
20210725,34392,144,34536
20210724,37438,125,37563
20210723,35032,112,35144
20210722,35562,129,35691
20210721,35817,135,35952
20210720,33834,181,34015
20210719,35579,128,35707
20210718,36447,129,36576
20210717,38020,138,38158
20210716,37530,157,37687
20210715,36690,135,36825
20210714,34916,119,35035
20210713,33211,139,33350
20210712,36425,160,36585
20210711,37388,157,37545
20210710,36095,126,36221
20210709,33979,159,34138
20210708,33803,137,33940
20210707,32874,138,33012
20210706,30908,123,31031
20210705,35007,185,35192
20210704,35316,132,35448
20210703,32820,227,33047
20210702,36610,211,36821
20210701,38173,147,38320
20210630,35229,152,35381
20210629,33484,156,33640
20210628,39416,144,39560
20210627,41515,151,41666
20210626,40340,172,40512
20210625,42361,176,42537
20210624,42045,174,42219
20210623,37403,177,37580
20210622,37516,149,37665
20210621,41480,194,41674
20210620,41335,152,41487
20210619,40930,192,41122
20210618,41288,206,41494
20210617,40536,150,40686
20210616,33696,146,33842
20210615,30986,161,31147
20210614,35733,166,35899
20210613,37426,158,37584
20210612,39430,121,39551
20210611,39811,167,39978
20210610,36099,128,36227
20210609,30443,134,30577
20210608,30079,142,30221
20210607,34688,141,34829
20210606,37273,137,37410
20210605,39451,161,39612
20210604,40691,126,40817
20210603,37803,142,37945
20210602,31621,113,31734
20210601,32382,103,32485
20210531,31901,218,32119
20210530,34574,126,34700
20210529,38647,199,38846
20210528,40670,157,40827
20210527,39383,135,39518
20210526,33265,127,33392
20210525,32564,113,32677
20210524,36699,102,36801
20210523,37746,120,37866
20210522,37230,111,37341
20210521,37514,120,37634
20210520,34433,99,34532
20210519,40005,95,40100
20210518,35756,95,35851
20210517,31917,91,32008
20210516,34449,103,34552
20210515,39059,126,39185
20210514,38845,139,38984
20210513,38894,110,39004
20210512,32981,92,33073
20210511,32603,88,32691
20210510,36669,117,36786
20210509,38055,104,38159
20210508,32012,107,32119
20210507,34053,114,34167
20210506,36799,133,36932
20210505,45427,167,45594
20210504,23754,82,23836
20210503,30320,90,30410
20210502,37868,138,38006
20210501,43943,152,44095
20210430,41239,110,41349
20210429,37535,120,37655
20210428,31803,113,31916
20210427,30724,107,30831
20210426,35140,131,35271
20210425,37256,131,37387
20210424,38004,121,38125
20210423,39254,130,39384
20210422,38559,126,38685
20210421,32589,106,32695
20210420,31918,126,32044
20210419,35643,137,35780
20210418,36475,107,36582
20210417,37971,125,38096
20210416,39932,121,40053
20210415,39711,136,39847
20210414,34799,121,34920
20210413,32257,112,32369
20210412,29381,110,29491
20210411,33892,127,34019
20210410,37265,125,37390
20210409,39779,133,39912
20210408,38739,171,38910
20210407,34294,146,34440
20210406,32349,143,32492
20210405,34347,141,34488
20210404,33643,146,33789
20210403,31898,131,32029
20210402,34275,146,34421
20210401,35360,152,35512
20210331,28238,145,28383
20210330,26144,178,26322
20210329,29342,190,29532
20210328,31626,201,31827
20210327,33460,223,33683
20210326,35649,166,35815
20210325,35451,169,35620
20210324,30959,110,31069
20210323,30393,124,30517
20210322,31903,108,32011
20210321,33747,123,33870
20210320,32550,141,32691
20210319,34578,97,34675
20210318,29240,110,29350
20210317,24739,103,24842
20210316,24789,92,24881
20210315,27458,108,27566
20210314,29591,95,29686
20210313,30758,112,30870
20210312,32140,141,32281
20210311,26907,113,27020
20210310,23541,109,23650
20210309,23192,102,23294
20210308,26207,96,26303
20210307,26198,104,26302
20210306,26514,92,26606
20210305,27602,94,27696
20210304,22033,84,22117
20210303,20917,112,21029
20210302,22807,107,22914
20210301,22212,105,22317
20210228,26314,118,26432
20210227,36001,129,36130
20210226,33498,136,33634
20210225,28931,98,29029
20210224,28537,99,28636
20210223,28345,98,28443
20210222,30095,99,30194
20210221,32691,115,32806
20210220,30600,88,30688
20210219,32021,111,32132
20210218,27684,99,27783
20210217,23148,112,23260
20210216,25881,121,26002
20210215,29557,139,29696
20210214,31902,144,32046
20210213,25030,105,25135
20210212,28028,108,28136
20210211,36133,193,36326
20210210,31350,139,31489
20210209,22084,95,22179
20210208,20742,90,20832
20210207,22789,83,22872
20210206,23668,98,23766
20210205,24924,103,25027
20210204,21127,81,21208
20210203,19678,84,19762
20210202,19416,81,19497
20210201,20142,88,20230
20210131,20858,86,20944
20210130,22493,80,22573
20210129,23433,88,23521
20210128,16792,98,16890
20210127,18641,81,18722
20210126,17840,95,17935
20210125,18377,89,18466
20210124,20079,94,20173
20210123,18582,82,18664
20210122,19863,94,19957
20210121,16565,73,16638
20210120,15981,92,16073
20210119,15747,81,15828
20210118,16120,68,16188
20210117,17980,71,18051
20210116,16580,81,16661
20210115,17894,91,17985
20210114,15422,76,15498
20210113,14249,74,14323
20210112,13418,59,13477
20210111,12845,65,12910
20210110,12117,69,12186
20210109,11466,69,11535
20210108,485,19,504
20210107,2866,44,2910
20210106,11150,59,11209
20210105,10939,65,11004
20210104,11833,61,11894
20210103,12135,70,12205
20210102,9412,75,9487
20210101,15261,95,15356
20201231,21308,116,21424
20201230,11706,6,11712
20201229,13646,76,13722
20201228,14137,64,14201
20201227,14043,69,14112
20201226,11349,82,11431
20201225,18996,75,19071
20201224,21935,73,22008
20201223,17382,82,17464
20201222,14828,74,14902
20201221,16539,73,16612
20201220,16688,68,16756
20201219,16876,81,16957
20201218,18321,79,18400
20201217,21285,101,21386
20201216,19691,107,19798
20201215,19425,86,19511
20201214,22253,92,22345
20201213,23819,99,23918
20201212,24373,86,24459
20201211,26667,98,26765
20201210,24441,125,24566
20201209,21170,113,21283
20201208,21307,129,21436
20201207,23576,95,23671
20201206,25489,101,25590
20201205,25885,104,25989
20201204,26936,120,27056
20201203,25526,113,25639
20201202,22724,102,22826
20201201,23514,114,23628
20201130,24613,106,24719
20201129,26762,130,26892
20201128,28094,148,28242
20201127,31434,130,31564
20201126,34303,163,34466
20201125,33088,163,33251
20201124,32443,138,32581
20201123,36379,143,36522
20201122,38172,167,38339
20201121,39635,214,39849
20201120,41833,189,42022
20201119,39446,161,39607
20201118,37427,173,37600
20201117,36406,159,36565
20201116,40613,198,40811
20201115,43491,228,43719
20201114,43554,208,43762
20201113,45373,179,45552
20201112,43500,179,43679
20201111,40545,162,40707
20201110,37440,159,37599
20201109,40200,190,40390
20201108,42441,189,42630
20201107,43192,206,43398
20201106,42980,232,43212
20201105,41520,175,41695
20201104,37673,183,37856
20201103,35573,243,35816
20201102,37517,208,37725
20201101,39608,217,39825
20201031,40165,169,40334
20201030,40100,212,40312
20201029,37559,196,37755
20201028,34441,179,34620
20201027,34005,184,34189
20201026,35642,179,35821
20201025,37485,191,37676
20201024,39918,189,40107
20201023,41037,213,41250
20201022,38763,196,38959
20201021,34902,185,35087
20201020,34098,162,34260
20201019,36368,157,36525
20201018,37997,175,38172
20201017,37892,192,38084
20201016,38340,152,38492
20201015,36129,149,36278
20201014,32403,143,32546
20201013,30777,148,30925
20201012,31843,137,31980
20201011,33155,156,33311
20201010,27156,149,27305
20201009,42712,221,42933
20201008,39728,160,39888
20201007,30131,158,30289
20201006,26378,166,26544
20201005,28184,160,28344
20201004,27932,149,28081
20201003,20899,158,21057
20201002,29581,242,29823
20201001,36362,431,36793
20200930,44294,338,44632
20200929,34643,169,34812
20200928,27339,138,27477
20200927,28219,164,28383
20200926,30197,152,30349
20200925,25478,88,25566
20200924,26980,95,27075
20200923,22913,88,23001
20200922,22220,106,22326
20200921,25175,85,25260
20200920,26615,109,26724
20200919,27669,110,27779
20200918,28003,108,28111
20200917,25831,92,25923
20200916,22288,85,22373
20200915,22317,94,22411
20200914,24089,109,24198
20200913,25745,92,25837
20200912,26463,105,26568
20200911,27282,108,27390
20200910,26110,122,26232
20200909,25328,107,25435
20200908,24345,120,24465
20200907,8434,26,8460
20200906,14928,65,14993
20200905,17984,98,18082
20200904,22321,119,22440
20200903,21237,111,21348
20200902,1349,4,1353
20200901,18993,101,19094
20200831,21004,129,21133
20200830,22706,119,22825
20200829,24159,121,24280
20200828,28621,128,28749
20200827,29405,147,29552
20200826,30197,52,30249
20200825,23752,110,23862
20200824,31486,160,31646
20200823,35042,166,35208
20200822,33897,201,34098
20200821,36637,204,36841
20200820,36885,224,37109
20200819,39223,225,39448
20200818,38752,254,39006
20200817,42319,244,42563
20200816,43315,236,43551
20200815,49078,264,49342
20200814,47288,255,47543
20200813,44402,238,44640
20200812,42065,235,42300
20200811,38782,203,38985
20200810,31856,108,31964
20200809,41306,154,41460
20200808,40349,177,40526
20200807,41845,200,42045
20200806,41080,219,41299
20200805,42037,212,42249
20200804,39708,213,39921
20200803,43531,251,43782
20200802,47093,308,47401
20200801,49219,322,49541
20200731,42340,262,42602
20200730,35167,179,35346
20200729,34575,182,34757
20200728,27732,152,27884
20200727,26287,149,26436
20200726,29764,141,29905
20200725,31112,139,31251
20200724,29742,135,29877
20200723,29235,134,29369
20200722,28788,130,28918
20200721,28546,133,28679
20200720,31585,140,31725
20200719,32352,131,32483
20200718,31226,134,31360
20200717,33415,156,33571
20200716,34419,185,34604
20200715,34002,133,34135
20200714,32232,158,32390
20200713,32260,115,32375
20200712,34624,110,34734
20200711,32934,102,33036
20200710,30944,93,31037
20200709,31382,105,31487
20200708,29990,111,30101
20200707,28906,125,29031
20200706,30009,109,30118
20200705,31495,104,31599
20200704,31335,117,31452
20200703,33229,269,33498
20200702,32316,150,32466
20200701,32464,139,32603
20200630,29956,111,30067
20200629,25037,94,25131
20200628,30949,137,31086
20200627,32889,88,32977
20200626,35014,84,35098
20200625,31629,91,31720
20200624,25304,86,25390
20200623,25733,138,25871
20200622,30861,107,30968
20200621,35552,97,35649
20200620,35560,110,35670
20200619,36600,143,36743
20200618,30975,111,31086
20200617,25143,72,25215
20200616,23630,78,23708
20200615,26472,88,26560
20200614,27773,91,27864
20200613,26653,84,26737
20200612,28572,111,28683
20200611,27266,62,27328
20200610,22266,52,22318
20200609,23699,68,23767
20200608,27148,77,27225
20200607,28387,77,28464
20200606,30980,80,31060
20200605,31276,92,31368
20200604,29683,82,29765
20200603,23802,81,23883
20200602,24017,72,24089
20200601,26336,82,26418
20200531,27447,85,27532
20200530,29243,101,29344
20200529,30362,87,30449
20200528,28825,91,28916
20200527,24648,91,24739
20200526,26106,87,26193
20200525,26425,90,26515
20200524,27554,87,27641
20200523,27683,105,27788
20200522,30613,95,30708
20200521,29824,84,29908
20200520,24625,74,24699
20200519,23976,91,24067
20200518,23932,69,24001
20200517,24321,73,24394
20200516,22941,68,23009
20200515,22043,92,22135
20200514,23261,66,23327
20200513,21379,80,21459
20200512,24258,46,24304
20200511,25485,45,25530
20200510,26997,56,27053
20200509,20834,35,20869
20200508,18982,41,19023
20200507,20027,65,20092
20200506,20482,56,20538
20200505,19001,47,19048
20200504,17231,103,17334
20200503,20885,69,20954
20200502,22625,64,22689
20200501,32488,98,32586
20200430,46759,181,46940
20200429,36549,38,36587
20200428,26080,40,26120
20200427,23691,20,23711
20200426,22626,22,22648
20200425,21908,29,21937
20200424,22211,29,22240
20200423,18355,34,18389
20200422,16945,29,16974
20200421,15563,24,15587
20200420,16414,30,16444
20200419,13603,24,13627
20200418,15902,23,15925
20200417,16355,33,16388
20200416,14111,17,14128
20200415,16720,25,16745
20200414,14618,26,14644
20200413,13892,27,13919
20200412,14033,26,14059
20200411,15711,20,15731
20200410,15695,32,15727
20200409,13335,33,13368
20200408,12630,32,12662
20200407,12363,30,12393
20200406,12840,26,12866
20200405,11578,26,11604
20200404,14490,32,14522
20200403,15223,28,15251
20200402,15454,30,15484
20200401,14668,35,14703
20200331,11950,31,11981
20200330,11640,81,11721
20200329,13454,26,13480
20200328,15071,37,15108
20200327,14653,24,14677
20200326,13016,27,13043
20200325,13021,35,13056
20200324,16887,23,16910
20200323,14890,31,14921
20200322,16605,39,16644
20200321,17540,34,17574
20200320,17570,35,17605
20200319,16406,41,16447
20200318,16089,94,16183
20200317,16882,66,16948
20200316,16513,79,16592
20200315,15846,88,15934
20200314,16795,128,16923
20200313,17570,89,17659
20200312,17600,118,17718
20200311,17209,106,17315
20200310,15637,153,15790
20200309,15234,137,15371
20200308,13533,139,13672
20200307,16015,193,16208
20200306,16869,210,17079
20200305,15727,222,15949
20200304,14393,205,14598
20200303,15325,343,15668
20200302,15628,270,15898
20200301,13402,337,13739
20200229,14855,320,15175
20200228,13932,240,14172
20200227,13318,383,13701
20200226,13978,351,14329
20200225,14567,598,15165
20200224,16379,524,16903
20200223,20508,613,21121
20200222,23732,762,24494
20200221,28754,383,29137
20200220,29316,815,30131
20200219,27247,623,27870
20200218,27135,453,27588
20200217,25105,639,25744
20200216,26120,769,26889
20200215,27679,864,28543
20200214,25936,907,26843
20200213,24409,793,25202
20200212,18720,755,19475
20200211,18922,1003,19925
20200210,19074,906,19980
20200209,18959,976,19935
20200208,20488,1127,21615
20200207,19213,1360,20573
20200206,17184,1280,18464
20200205,15873,1247,17120
20200204,17633,1285,18918
20200203,19209,1866,21075
20200202,21748,1937,23685
20200201,23657,2321,25978
20200131,25215,2359,27574
20200130,26391,2951,29342
20200129,30977,2520,33497
20200128,34980,2930,37910
20200127,34264,3245,37509
20200126,36561,3227,39788
20200125,35803,4709,40512
20200124,43931,4431,48362
20200123,40147,5530,45677
20200122,35057,4370,39427
20200121,27057,5512,32569
20200120,30730,5146,35876
20200119,33043,4541,37584
20200118,36081,5377,41458
20200117,36976,5169,42145
20200116,37873,5357,43230
20200115,38141,4154,42295
20200114,38465,5479,43944
20200113,40253,5175,45428
20200112,38801,4827,43628
20200111,38866,5125,43991
20200110,38854,4980,43834
20200109,39596,5103,44699
20200108,38656,4933,43589
20200107,33861,3984,37845
20200106,38232,4751,42983
20200105,37686,4388,42074
20200104,35803,5059,40862
20200103,34879,4848,39727
20200102,38709,4834,43543
20200101,36604,4263,40867
20191231,37042,5872,42914
20191230,38712,4559,43271
20191229,40533,4879,45412
20191228,40463,5605,46068
20191227,39810,5426,45236
20191226,39103,5406,44509
20191225,39059,3932,42991
20191224,36546,5555,42101
20191223,37724,5664,43388
20191222,39383,5286,44669
20191221,38985,5902,44887
20191220,37638,5025,42663
20191219,39057,5092,44149
20191218,36667,4008,40675
20191217,34708,5539,40247
20191216,37505,5077,42582
20191215,37581,4440,42021
20191214,37854,5285,43139
20191213,38407,5027,43434
20191212,40607,4392,44999
20191211,33751,4172,37923
20191210,32458,4778,37236
20191209,35557,4768,40325
20191208,36100,4308,40408
20191207,35965,4705,40670
20191206,36817,4749,41566
20191205,36917,4280,41197
20191204,30992,3588,34580
20191203,29168,4530,33698
20191202,31943,4114,36057
20191201,33945,3924,37869
20191130,36584,4891,41475
20191129,37363,5148,42511
20191128,39484,4665,44149
20191127,34732,4192,38924
20191126,32754,5507,38261
20191125,36029,5146,41175
20191124,37886,4163,42049
20191123,39955,5472,45427
20191122,39906,5133,45039
20191121,39965,5095,45060
20191120,37602,4266,41868
20191119,34113,4867,38980
20191118,36452,4904,41356
20191117,39614,4267,43881
20191116,42226,5063,47289
20191115,41860,4720,46580
20191114,40796,4600,45396
20191113,40385,3859,44244
20191112,36665,4834,41499
20191111,38842,4583,43425
20191110,40611,4208,44819
20191109,43577,5472,49049
20191108,42099,5089,47188
20191107,40592,4960,45552
20191106,39692,4047,43739
20191105,38791,5224,44015
20191104,40854,5135,45989
20191103,41194,6805,47999
20191102,42819,5876,48695
20191101,41770,5257,47027
20191031,38863,5116,43979
20191030,38622,4183,42805
20191029,37770,5313,43083
20191028,40243,5463,45706
20191027,39140,4553,43693
20191026,43789,5358,49147
20191025,42564,5512,48076
20191024,42701,5164,47865
20191023,42310,6820,49130
20191022,41947,5010,46957
20191021,43996,5571,49567
20191020,41411,5450,46861
20191019,43928,6317,50245
20191018,43417,5760,49177
20191017,42448,5379,47827
20191016,42382,5228,47610
20191015,42769,6394,49163
20191014,44420,5669,50089
20191013,40929,5316,46245
20191012,40797,5178,45975
20191011,39351,5885,45236
20191010,37952,5314,43266
20191009,41715,5221,46936
20191008,40602,5008,45610
20191007,39088,5413,44501
20191006,41128,4912,46040
20191005,39929,5197,45126
20191004,45207,5516,50723
20191003,44000,8192,52192
20191002,11859,1865,13724
20191001,32610,4294,36904
20190930,34212,5745,39957
20190929,39847,5323,45170
20190928,40224,5789,46013
20190927,40239,5786,46025
20190926,39855,5716,45571
20190925,40317,5555,45872
20190924,40482,5206,45688
20190923,43555,7706,51261
20190922,6636,1396,8032
20190921,28193,3868,32061
20190920,33743,5846,39589
20190919,39348,5352,44700
20190918,39767,5477,45244
20190917,39998,5868,45866
20190916,39517,5351,44868
20190915,42380,4644,47024
20190914,37732,5414,43146
20190913,39852,5727,45579
20190912,47767,5801,53568
20190911,42774,4699,47473
20190910,35124,4263,39387
20190909,25878,4763,30641
20190908,30062,5398,35460
20190907,9071,4147,13218
20190906,16626,2750,19376
20190905,26964,5218,32182
20190904,27846,5135,32981
20190903,28048,4697,32745
20190902,31558,5307,36865
20190901,33254,4797,38051
20190831,35754,5543,41297
20190830,38111,5310,43421
20190829,38994,5255,44249
20190828,39601,5104,44705
20190827,38339,5122,43461
20190826,41852,5382,47234
20190825,40560,5609,46169
20190824,41120,5714,46834
20190823,38779,5681,44460
20190822,38703,5724,44427
20190821,37435,5600,43035
20190820,37202,5204,42406
20190819,41976,5776,47752
20190818,40716,5716,46432
20190817,36767,7554,44321
20190816,36933,6065,42998
20190815,46163,7120,53283
20190814,41944,5755,47699
20190813,40501,5087,45588
20190812,40577,6363,46940
20190811,38570,5778,44348
20190810,38808,4737,43545
20190809,38358,4549,42907
20190808,38879,5487,44366
20190807,37378,5353,42731
20190806,35855,5158,41013
20190805,43998,5747,49745
20190804,43416,5703,49119
20190803,44942,5584,50526
20190802,42484,5667,48151
20190801,46723,5338,52061
20190731,44793,5025,49818
20190730,40240,4740,44980
20190729,42338,5452,47790
20190728,42810,5275,48085
20190727,45708,7375,53083
20190726,39737,5683,45420
20190725,40000,5234,45234
20190724,38398,5092,43490
20190723,35806,4822,40628
20190722,39052,5476,44528
20190721,39248,5731,44979
20190720,26396,4405,30801
20190719,25622,2826,28448
20190718,36117,4677,40794
20190717,35443,4858,40301
20190716,34482,4787,39269
20190715,37379,4807,42186
20190714,38955,4976,43931
20190713,38334,5469,43803
20190712,35783,5208,40991
20190711,38131,5496,43627
20190710,34319,4851,39170
20190709,32526,4664,37190
20190708,36212,5022,41234
20190707,36353,5034,41387
20190706,36971,5114,42085
20190705,35787,4832,40619
20190704,37152,5019,42171
20190703,35665,4867,40532
20190702,33142,4297,37439
20190701,36296,5100,41396
20190630,34563,5090,39653
20190629,31840,5041,36881
20190628,33781,4949,38730
20190627,35451,5498,40949
20190626,35170,4870,40040
20190625,36887,4876,41763
20190624,40507,5172,45679
20190623,39911,4824,44735
20190622,40320,5504,45824
20190621,39884,5133,45017
20190620,39600,5095,44695
20190619,37025,6686,43711
20190618,35449,5099,40548
20190617,38428,5442,43870
20190616,37736,4814,42550
20190615,41102,5376,46478
20190614,39720,5093,44813
20190613,40364,5217,45581
20190612,37804,4723,42527
20190611,36825,4539,41364
20190610,39073,4851,43924
20190609,38677,4370,43047
20190608,34239,4968,39207
20190607,31943,5613,37556
20190606,46056,6872,52928
20190605,42719,5403,48122
20190604,40162,4524,44686
20190603,40796,4937,45733
20190602,39317,4863,44180
20190601,42492,5030,47522
20190531,37154,4890,42044
20190530,35452,4924,40376
20190529,37825,4748,42573
20190528,37468,4448,41916
20190527,33634,5083,38717
20190526,35844,4741,40585
20190525,39962,5153,45115
20190524,38636,5365,44001
20190523,38092,4577,42669
20190522,38869,4555,43424
20190521,36678,3872,40550
20190520,40497,4710,45207
20190519,36378,4556,40934
20190518,36703,4622,41325
20190517,38146,4207,42353
20190516,39881,4177,44058
20190515,40342,8224,48566
20190514,37445,5354,42799
20190513,39888,4578,44466
20190512,34591,4153,38744
20190511,38516,4489,43005
20190510,36670,4625,41295
20190509,36860,3919,40779
20190508,35626,5279,40905
20190507,34244,4227,38471
20190506,33949,4452,38401
20190505,34142,3822,37964
20190504,46775,4536,51311
20190503,42354,4622,46976
20190502,39020,4886,43906
20190501,41205,4689,45894
20190430,39732,4734,44466
20190429,39597,5072,44669
20190428,39894,4476,44370
20190427,43078,6279,49357
20190426,42209,4825,47034
20190425,39816,4427,44243
20190424,39408,4525,43933
20190423,35922,4111,40033
20190422,38247,4668,42915
20190421,36409,4986,41395
20190420,40689,6725,47414
20190419,39616,4706,44322
20190418,39433,4414,43847
20190417,37106,4154,41260
20190416,34581,4785,39366
20190415,37486,5091,42577
20190414,35721,3591,39312
20190413,40912,4641,45553
20190412,40257,4646,44903
20190411,39864,4122,43986
20190410,40994,6203,47197
20190409,27880,3156,31036
20190408,37650,4288,41938
20190407,35587,5875,41462
20190406,39122,4733,43855
20190405,40087,7513,47600
20190404,37459,4486,41945
20190403,36359,4206,40565
20190402,35735,3820,39555
20190401,36056,4733,40789
20190331,34383,4153,38536
20190330,38146,4567,42713
20190329,37968,4353,42321
20190328,35489,6719,42208
20190327,35316,3661,38977
20190326,34831,4566,39397
20190325,36794,4559,41353
20190324,36050,3800,39850
20190323,37392,5048,42440
20190322,38067,4305,42372
20190321,38338,4402,42740
20190320,24898,1944,26842
20190319,30350,3932,34282
20190318,32970,4201,37171
20190317,34692,4005,38697
20190316,35791,4245,40036
20190315,35472,4059,39531
20190314,32855,3950,36805
20190313,28072,3600,31672
20190312,28638,4143,32781
20190311,30774,3995,34769
20190310,31119,3218,34337
20190309,33002,4381,37383
20190308,34746,4019,38765
20190307,32039,3563,35602
20190306,25856,3463,29319
20190305,26702,3912,30614
20190304,29067,3923,32990
20190303,29324,3426,32750
20190302,28495,6488,34983
20190301,42844,3820,46664
20190228,37114,3877,40991
20190227,36790,3641,40431
20190226,35977,5905,41882
20190225,36192,4022,40214
20190224,37137,3773,40910
20190223,37641,4477,42118
20190222,36916,4155,41071
20190221,35662,3958,39620
20190220,35635,3558,39193
20190219,33561,4116,37677
20190218,35350,3729,39079
20190217,35519,3446,38965
20190216,35885,4343,40228
20190215,35517,3947,39464
20190214,35100,3857,38957
20190213,34577,3662,38239
20190212,34130,4597,38727
20190211,34883,4451,39334
20190210,34131,3753,37884
20190209,33042,4806,37848
20190208,34659,4001,38660
20190207,35543,4042,39585
20190206,37461,4107,41568
20190205,33034,4580,37614
20190204,28434,3679,32113
20190203,39827,3530,43357
20190202,40069,4564,44633
20190201,34998,4013,39011
20190131,30914,3758,34672
20190130,25417,3563,28980
20190129,33469,4227,37696
20190128,33437,3918,37355
20190127,32872,3310,36182
20190126,35296,4172,39468
20190125,34614,3736,38350
20190124,33858,3684,37542
20190123,32029,3375,35404
20190122,32466,4102,36568
20190121,34921,3870,38791
20190120,34423,3410,37833
20190119,37538,4276,41814
20190118,35338,3793,39131
20190117,35056,3360,38416
20190116,33408,3073,36481
20190115,34298,3932,38230
20190114,29897,3477,33374
20190113,35499,3152,38651
20190112,36144,3969,40113
20190111,33427,3575,37002
20190110,34651,3064,37715
20190109,30833,2644,33477
20190108,31966,3105,35071
20190107,33882,3133,37015
20190106,32259,2820,35079
20190105,32063,3294,35357
20190104,31761,2940,34701
20190103,32242,2882,35124
20190102,33918,2626,36544
20190101,28147,3085,31232
20181231,33761,3968,37729
20181230,36085,4075,40160
20181229,40477,4904,45381
20181228,35168,4246,39414
20181227,34623,3649,38272
20181226,35564,3643,39207
20181225,30551,3699,34250
20181224,30911,4044,34955
20181223,33426,3732,37158
20181222,37868,4841,42709
20181221,32338,3963,36301
20181220,31414,4003,35417
20181219,28418,3648,32066
20181218,29644,4212,33856
20181217,32384,4195,36579
20181216,31945,3271,35216
20181215,33027,4312,37339
20181214,32219,3876,36095
20181213,31853,3424,35277
20181212,27275,3141,30416
20181211,26061,3455,29516
20181210,29276,3722,32998
20181209,30751,3145,33896
20181208,32307,4038,36345
20181207,31775,3577,35352
20181206,32155,3617,35772
20181205,27390,3138,30528
20181204,26806,3612,30418
20181203,28764,3401,32165
20181202,29086,3136,32222
20181201,32869,4048,36917
20181130,32438,3914,36352
20181129,33222,3432,36654
20181128,28426,3278,31704
20181127,28776,3531,32307
20181126,32844,3757,36601
20181125,32361,3721,36082
20181124,35263,4384,39647
20181123,36574,4186,40760
20181122,35620,3782,39402
20181121,30104,3281,33385
20181120,28097,3642,31739
20181119,34367,3700,38067
20181118,35224,3610,38834
20181117,37266,4392,41658
20181116,37831,3929,41760
20181115,36502,3858,40360
20181114,33578,4807,38385
20181113,30457,3824,34281
20181112,35059,3721,38780
20181111,33959,3590,37549
20181110,39359,4499,43858
20181109,38432,3744,42176
20181108,36040,3844,39884
20181107,34504,3581,38085
20181106,33835,4085,37920
20181105,37112,3931,41043
20181104,37458,5995,43453
20181103,39619,4658,44277
20181102,38821,3979,42800
20181101,36996,3793,40789
20181031,36082,4988,41070
20181030,34187,3842,38029
20181029,37425,3571,40996
20181028,37814,3467,41281
20181027,40337,4366,44703
20181026,39891,3821,43712
20181025,38162,3802,41964
20181024,37099,6128,43227
20181023,37837,4378,42215
20181022,39614,4302,43916
20181021,38371,3667,42038
20181020,39902,4909,44811
20181019,41102,4322,45424
20181018,39775,4427,44202
20181017,39632,5040,44672
20181016,40602,4429,45031
20181015,40043,4350,44393
20181014,39986,4062,44048
20181013,41940,4826,46766
20181012,40253,4267,44520
20181011,38446,4316,42762
20181010,39279,4678,43957
20181009,33773,4077,37850
20181008,33567,4195,37762
20181007,38843,4194,43037
20181006,23671,3716,27387
20181005,14929,2486,17415
20181004,27139,4490,31629
20181003,31212,5210,36422
20181002,31507,4507,36014
20181001,31194,4672,35866
20180930,33949,4518,38467
20180929,33234,5032,38266
20180928,32952,3939,36891
20180927,35068,4274,39342
20180926,40057,4321,44378
20180925,38845,4278,43123
20180924,38394,3672,42066
20180923,44222,3538,47760
20180922,44641,5325,49966
20180921,39699,4430,44129
20180920,32828,4604,37432
20180919,25599,3856,29455
20180918,25940,4004,29944
20180917,33049,3874,36923
20180916,30286,3639,33925
20180915,34487,4659,39146
20180914,37024,3911,40935
20180913,37391,3952,41343
20180912,36303,3649,39952
20180911,35626,4025,39651
20180910,37090,3860,40950
20180909,35078,3745,38823
20180908,38273,4794,43067
20180907,38642,3976,42618
20180906,38711,4239,42950
20180905,35182,4049,39231
20180904,32068,4144,36212
20180903,35483,4336,39819
20180902,35480,3920,39400
20180901,36731,4539,41270
20180831,35611,3970,39581
20180830,35179,4285,39464
20180829,36092,5711,41803
20180828,37807,4234,42041
20180827,39691,4081,43772
20180826,38138,4499,42637
20180825,39330,5209,44539
20180824,37247,5429,42676
20180823,0,0,0
20180822,19199,2516,21715
20180821,34441,4259,38700
20180820,39403,4161,43564
20180819,39502,4254,43756
20180818,37213,4710,41923
20180817,36242,4090,40332
20180816,36552,4056,40608
20180815,40600,4302,44902
20180814,37638,4406,42044
20180813,38054,3983,42037
20180812,40731,4943,45674
20180811,42898,5068,47966
20180810,39931,4221,44152
20180809,37914,4573,42487
20180808,38483,4291,42774
20180807,36752,4511,41263
20180806,40961,3716,44677
20180805,41463,4429,45892
20180804,40509,4744,45253
20180803,41048,3969,45017
20180802,44541,4524,49065
20180801,45030,4286,49316
20180731,33773,4077,37850
20180730,44025,3516,47541
20180729,46097,4075,50172
20180728,45785,4440,50225
20180727,43054,3484,46538
20180726,37829,4266,42095
20180725,36822,3840,40662
20180724,32487,3749,36236
20180723,33428,3507,36935
20180722,36004,3379,39383
20180721,37071,4426,41497
20180720,34819,3642,38461
20180719,35358,3516,38874
20180718,35938,3384,39322
20180717,35319,3799,39118
20180716,38223,3578,41801
20180715,38430,3762,42192
20180714,37912,4501,42413
20180713,37228,3546,40774
20180712,38332,3481,41813
20180711,37613,3794,41407
20180710,35482,3333,38815
20180709,37626,3228,40854
20180708,36320,3407,39727
20180707,35752,3964,39716
20180706,35988,3334,39322
20180705,36461,3731,40192
20180704,33461,3708,37169
20180703,23979,3535,27514
20180702,25817,2836,28653
20180701,27975,3639,31614
20180630,29663,4249,33912
20180629,31757,3588,35345
20180628,34456,5224,39680
20180627,34761,3658,38419
20180626,37313,4138,41451
20180625,40296,3385,43681
20180624,39247,3796,43043
20180623,40948,4458,45406
20180622,41128,3807,44935
20180621,40272,4077,44349
20180620,39520,4970,44490
20180619,37239,4316,41555
20180618,39606,3838,43444
20180617,39052,4156,43208
20180616,38438,4881,43319
20180615,37511,4032,41543
20180614,36817,4324,41141
20180613,39728,4713,44441
20180612,36582,4125,40707
20180611,37856,3770,41626
20180610,39942,4170,44112
20180609,42020,4133,46153
20180608,37664,3760,41424
20180607,36739,3535,40274
20180606,41126,3308,44434
20180605,39494,3274,42768
20180604,41083,2737,43820
20180603,42576,3124,45700
20180602,44631,3832,48463
20180601,41803,3280,45083
20180531,37088,3126,40214
20180530,37765,3664,41429
20180529,39256,3100,42356
20180528,41478,2683,44161
20180527,39460,3155,42615
20180526,41986,3685,45671
20180525,39136,2975,42111
20180524,38039,2767,40806
20180523,35964,2679,38643
20180522,30608,2626,33234
20180521,33352,2280,35632
20180520,39955,2638,42593
20180519,46125,3408,49533
20180518,43704,2929,46633
20180517,41092,3087,44179
20180516,38987,2815,41802
20180515,40166,3089,43255
20180514,41240,2382,43622
20180513,37603,2833,40436
20180512,41347,3304,44651
20180511,39442,2726,42168
20180510,37747,2464,40211
20180509,38093,2712,40805
20180508,38171,2827,40998
20180507,34292,2283,36575
20180506,33949,2638,36587
20180505,49373,3588,52961
20180504,45985,2641,48626
20180503,39843,2867,42710
20180502,36582,2743,39325
20180501,36089,3112,39201
20180430,38824,2779,41603
20180429,42711,2923,45634
20180428,45689,4220,49909
20180427,46080,2600,48680
20180426,43036,2808,45844
20180425,42818,3053,45871
20180424,38448,3179,41627
20180423,39393,2509,41902
20180422,37522,2825,40347
20180421,39976,3627,43603
20180420,44109,2968,47077
20180419,41757,2769,44526
20180418,39893,2842,42735
20180417,37169,3186,40355
20180416,39309,2461,41770
20180415,39627,2685,42312
20180414,41039,3091,44130
20180413,42700,2539,45239
20180412,41717,2906,44623
20180411,40122,2743,42865
20180410,38832,2705,41537
20180409,38894,4773,43667
20180408,38751,2609,41360
20180407,41431,3054,44485
20180406,42735,2513,45248
20180405,40469,3018,43487
20180404,37277,3455,40732
20180403,39446,2956,42402
20180402,39775,2666,42441
20180401,35624,2822,38446
20180331,39519,3392,42911
20180330,40206,2703,42909
20180329,37409,3112,40521
20180328,36178,3388,39566
20180327,34061,2870,36931
20180326,35939,2756,38695
20180325,34785,2647,37432
20180324,38034,4824,42858
20180323,38403,2532,40935
20180322,36560,2279,38839
20180321,33857,2683,36540
20180320,31098,2578,33676
20180319,32948,2420,35368
20180318,33642,2184,35826
20180317,36717,2659,39376
20180316,36088,2341,38429
20180315,33850,2265,36115
20180314,29232,2526,31758
20180313,29756,2293,32049
20180312,30726,2415,33141
20180311,31057,2132,33189
20180310,34913,2323,37236
20180309,34087,2062,36149
20180308,29221,2281,31502
20180307,24124,2438,26562
20180306,27479,2355,29834
20180305,29941,2281,32222
20180304,30840,2113,32953
20180303,27553,2294,29847
20180302,32690,2267,34957
20180301,39433,2920,42353
20180228,35253,2386,37639
20180227,34638,2480,37118
20180226,35852,2255,38107
20180225,37383,2252,39635
20180224,37995,2296,40291
20180223,38969,1832,40801
20180222,37791,2094,39885
20180221,38969,1832,40801
20180220,37860,2513,40373
20180219,36045,2138,38183
20180218,37224,2065,39289
20180217,33109,2484,35593
20180216,32959,1934,34893
20180215,41142,1854,42996
20180214,37289,2341,39630
20180213,31507,2035,33542
20180212,26062,1898,27960
20180211,26536,1673,28209
20180210,27436,2188,29624
20180209,26899,1723,28622
20180208,23228,1776,25004
20180207,26740,1833,28573
20180206,17850,1763,19613
20180205,28054,2134,30188
20180204,25047,1933,26980
20180203,29149,2289,31438
20180202,29564,1985,31549
20180201,31070,2074,33144
20180131,28608,2192,30800
20180130,28840,2328,31168
20180129,34321,2058,36379
20180128,34718,1895,36613
20180127,37126,1988,39114
20180126,35171,1989,37160
20180125,36190,1920,38110
20180124,33435,2192,35627
20180123,34468,1923,36391
20180122,37226,1933,39159
20180121,37216,1935,39151
20180120,38965,2193,41158
20180119,36071,2002,38073
20180118,36308,1691,37999
20180117,34010,2167,36177
20180116,34571,1917,36488
20180115,37216,1870,39086
20180114,35588,1741,37329
20180113,35490,1923,37413
20180112,34009,1542,35551
20180111,15762,927,16689
20180110,29635,2006,31641
20180109,32301,1760,34061
20180108,36133,1782,37915
20180107,33678,1800,35478
20180106,32578,2089,34667
20180105,31793,1785,33578
20180104,35192,1640,36832
20180103,35920,2157,38077
20180102,37315,1864,39179
20180101,34278,1690,35968
20171231,36859,2248,39107
20171230,41479,2829,44308
20171229,37474,2313,39787
20171228,36559,2049,38608
20171227,34352,2503,36855
20171226,36238,2006,38244
20171225,34583,1904,36487
20171224,34049,1995,36044
20171223,41469,2767,44236
20171222,35799,2110,37909
20171221,33728,1796,35524
20171220,31122,2324,33446
20171219,31879,2361,34240
20171218,33655,2096,35751
20171217,33553,2003,35556
20171216,34584,2344,36928
20171215,29430,2268,31698
20171214,33480,1877,35357
20171213,29655,2497,32152
20171212,27870,2184,30054
20171211,29831,1801,31632
20171210,31533,1872,33405
20171209,34296,2008,36304
20171208,33599,2567,36166
20171207,32757,2012,34769
20171206,29365,2142,31507
20171205,28480,1842,30322
20171204,32247,1584,33831
20171203,31683,1915,33598
20171202,34822,1959,36781
20171201,35571,1967,37538
20171130,34415,1823,36238
20171129,27853,2224,30077
20171128,28254,2721,30975
20171127,32983,1606,34589
20171126,35090,1870,36960
20171125,37770,2107,39877
20171124,39100,1903,41003
20171123,36367,1924,38291
20171122,32601,2095,34696
20171121,30504,1789,32293
20171120,33308,1695,35003
20171119,34854,1803,36657
20171118,37887,1801,39688
20171117,38632,2172,40804
20171116,37557,1821,39378
20171115,37081,2157,39238
20171114,,,
20171113,36311,1633,37944
20171112,38835,2019,40854
20171111,40617,1985,42602
20171110,39894,2080,41974
20171109,38631,1643,40274
20171108,37476,1513,38989
20171107,,,
20171106,39418,1716,41134
20171105,40379,1694,42073
20171104,,,
20171103,,,
20171102,,,
20171101,38759,2081,40840
20171031,36218,1692,37910
20171030,37210,1689,38899
20171029,37752,1294,39046
20171028,,,
20171027,41706,2631,44337
20171026,40985,1821,42806
20171025,39749,1529,41278
20171024,,,
20171023,,,
20171022,38361,2329,40690
20171021,39877,2108,41985
20171020,,,
20171019,38766,2046,40812
20171018,,,
20171017,38117,1696,39813
20171016,39861,1685,41546
20171015,,,
20171014,36089,4160,40249
20171013,,,
20171012,31406,1711,33117
20171011,33342,2073,35415
20171010,,,
20171009,,,
20171008,34759,1937,36696
20171007,40438,1988,42426
20171006,47967,2360,50327
20171005,49947,1874,51821
20171004,,,
20171003,48319,2202,50521
20171002,,,
20171001,48100,2093,50193
20170930,,,
20170929,42418,2478,44896
20170928,35196,2192,37388
20170927,31139,2868,34007
20170926,31300,1740,33040
20170925,,,
20170924,,,
20170923,40335,2337,42672
20170922,41838,2270,44108
20170921,40600,1983,42583
20170920,37465,2476,39941
20170919,,,
20170918,38302,1727,40029
20170917,38488,2426,40914
20170916,34062,2297,36359
20170915,35508,2480,37988
20170914,42161,1964,44125
20170913,,,
20170912,38009,2155,40164
20170911,39856,2271,42127
20170910,,,
20170909,41706,2176,43882
20170908,40230,2327,42557
20170907,41835,1872,43707
20170906,39851,2104,41955
20170905,37682,1957,39639
20170904,40949,2023,42972
20170903,,,
20170902,41512,2279,43791
20170901,40330,2309,42639
20170831,,,
20170830,,,
20170829,38601,1842,40443
20170828,38601,1842,40443
20170827,42660,2184,44844
20170826,41761,2293,44054
20170825,39062,2505,41567
20170824,,,
20170823,,,
20170822,39945,2523,42468
20170821,41196,2278,43474
20170820,41008,2304,43312
20170819,37348,2373,39721
20170818,35895,2727,38622
20170817,37785,2351,40136
20170816,41073,2832,43905
20170815,39789,2103,41892
20170814,38167,2357,40524
20170813,43047,2672,45719
20170812,47569,2931,50500
20170811,44707,3989,48696
20170810,41731,2532,44263
20170809,37871,3228,41099
20170808,36143,2451,38594
20170807,38650,2508,41158
20170806,36795,2356,39151
20170805,35977,2608,38585
20170804,36104,2817,38921
20170803,41532,2555,44087
20170802,43795,3312,47107
20170801,42387,2582,44969
20170731,44192,2650,46842
20170730,46074,3164,49238
20170729,47870,3240,51110
20170728,43758,3315,47073
20170727,40345,2601,42946
20170726,40418,3156,43574
20170725,34801,2781,37582
20170724,37468,2879,40347
20170723,39413,3334,42747
20170722,39612,3072,42684
20170721,36735,3197,39932
20170720,38670,2553,41223
20170719,35587,3397,38984
20170718,35282,2728,38010
20170717,38405,2822,41227
20170716,39747,3089,42836
20170715,38596,3764,42360
20170714,36475,3210,39685
20170713,38578,2656,41234
20170712,38459,2919,41378
20170711,37226,3075,40301
20170710,37828,3117,40945
20170709,36764,3063,39827
20170708,36418,2895,39313
20170707,37599,3048,40647
20170706,37783,2811,40594
20170705,34837,3501,38338
20170704,29899,3014,32913
20170703,35714,2967,38681
20170702,37254,3134,40388
20170701,36964,2865,39829
20170630,34973,3454,38427
20170629,35079,3144,38223
20170628,35114,3365,38479
20170627,39409,2766,42175
20170626,41474,2454,43928
20170625,40933,2866,43799
20170624,40170,3275,43445
20170623,39353,3455,42808
20170622,41055,2531,43586
20170621,38645,3358,42003
20170620,37027,1980,39007
20170619,39448,2468,41916
20170618,40430,2309,42739
20170617,42237,2775,45012
20170616,41370,2634,44004
20170615,41393,2237,43630
20170614,36833,2688,39521
20170613,37786,2458,40244
20170612,40998,2538,43536
20170611,40736,4403,45139
20170610,40615,2762,43377
20170609,41860,3642,45502
20170608,38975,2637,41612
20170607,39432,4797,44229
20170606,32973,2714,35687
20170605,34088,2450,36538
20170604,40691,2956,43647
20170603,47550,3223,50773
20170602,43936,2556,46492
20170601,39568,2339,41907
20170531,38352,2629,40981
20170530,34832,2423,37255
20170529,39602,2496,42098
20170528,38486,2640,41126
20170527,41445,3156,44601
20170526,41178,2762,43940
20170525,39019,2621,41640
20170524,38226,3023,41249
20170523,36690,2305,38995
20170522,39782,2554,42336
20170521,37782,2208,39990
20170520,40710,2794,43504
20170519,40210,2419,42629
20170518,39479,2129,41608
20170517,40308,2483,42791
20170516,38872,2386,41258
20170515,41412,2420,43832
20170514,38205,2301,40506
20170513,38980,2544,41524
20170512,37866,2161,40027
20170511,36243,2163,38406
20170510,37830,2012,39842
20170509,36572,1699,38271
20170508,28920,2739,31659
20170507,33984,3003,36987
20170506,35259,3320,38579
20170505,43758,3178,46936
20170504,45197,2952,48149
20170503,47981,3525,51506
20170502,44306,3052,47358
20170501,43086,3107,46193
20170430,46743,3193,49936
20170429,47821,3381,51202
20170428,44438,3394,47832
20170427,41639,2692,44331
20170426,40158,3316,43474
20170425,36510,2933,39443
20170424,39807,3103,42910
20170423,38722,3103,41825
20170422,42386,3680,46066
20170421,42632,3581,46213
20170420,41808,3197,45005
20170419,36690,4698,41388
20170418,36130,3371,39501
20170417,38886,3497,42383
20170416,37350,3327,40677
20170415,41071,3395,44466
20170414,42252,3739,45991
20170413,41789,2759,44548
20170412,36752,2854,39606
20170411,38199,2845,41044
20170410,39064,2868,41932
20170409,39612,2955,42567
20170408,42784,2893,45677
20170407,42983,2764,45747
20170406,38616,2524,41140
20170405,34854,2911,37765
20170404,35616,2895,38511
20170403,39552,2752,42304
20170402,38200,4793,42993
20170401,42405,3120,45525
20170331,40984,2143,43127
20170330,37724,2377,40101
20170329,35962,3305,39267
20170328,35757,2367,38124
20170327,37630,2118,39748
20170326,37018,2230,39248
20170325,38758,1848,40606
20170324,38040,1880,39920
20170323,36543,1804,38347
20170322,32549,1974,34523
20170321,33722,1648,35370
20170320,34540,1959,36499
20170319,33691,1890,35581
20170318,37189,2075,39264
20170317,38493,4006,42499
20170316,34424,2126,36550
20170315,27733,9855,37588
20170314,29631,1711,31342
20170313,29252,3951,33203
20170312,28831,5028,33859
20170311,32573,2853,35426
20170310,33820,3473,37293
20170309,29131,5159,34290
20170308,24230,3025,27255
20170307,24624,3116,27740
20170306,28015,5212,33227
20170305,26568,6775,33343
20170304,29697,5874,35571
20170303,30616,7470,38086
20170302,27307,4776,32083
20170301,27652,3717,31369
20170228,17226,6605,23831
20170227,29692,7097,36789
20170226,33554,8022,41576
20170225,36273,9665,45938
20170224,36446,6511,42957
20170223,35355,5097,40452
20170222,34708,6267,40975
20170221,35130,7493,42623
20170220,38348,7075,45423
20170219,32205,9372,41577
20170218,36850,6050,42900
20170217,36746,8281,45027
20170216,34205,4921,39126
20170215,34798,8472,43270
20170214,34068,4346,38414
20170213,35041,10912,45953
20170212,34384,8114,42498
20170211,32984,5149,38133
20170210,29924,5072,34996
20170209,30272,5559,35831
20170208,27826,5081,32907
20170207,29675,14103,43778
20170206,30277,5768,36045
20170205,27800,5756,33556
20170204,28773,6565,35338
20170203,28093,13915,42008
20170202,29895,7992,37887
20170201,32900,4899,37799
20170131,32550,7811,40361
20170130,33629,5188,38817
20170129,33661,10759,44420
20170128,32000,4632,36632
20170127,39992,11076,51068
20170126,35214,9621,44835
20170125,30405,7283,37688
20170124,23322,11668,34990
20170123,27066,3966,31032
20170122,28187,7238,35425
20170121,29724,9398,39122
20170120,29181,4215,33396
20170119,33260,6067,39327
20170118,30791,12151,42942
20170117,32538,5916,38454
20170116,34546,7716,42262
20170115,34287,3790,38077
20170114,35014,8821,43835
20170113,33395,4203,37598
20170112,34425,6214,40639
20170111,31318,7184,38502
20170110,32202,5877,38079
20170109,34496,5194,39690
20170108,33039,6843,39882
20170107,33189,4973,38162
20170106,32200,9041,41241
20170105,34148,5882,40030
20170104,33430,7071,40501
20170103,34491,6959,41450
20170102,34498,5567,40065
20170101,,,
20161231,35440,9466,44906
20161230,35376,11488,46864
20161229,34855,8398,43253
20161228,34653,9999,44652
20161227,33597,4491,38088
20161226,33806,7418,41224
20161225,33549,4709,38258
20161224,32327,12815,45142
20161223,28976,6079,35055
20161222,29474,5512,34986
20161221,26457,7692,34149
20161220,26814,10104,36918
20161219,31389,6849,38238
20161218,31297,7235,38532
20161217,35179,4179,39358
20161216,31883,5309,37192
20161215,26775,4490,31265
20161214,27170,5278,32448
20161213,24697,6805,31502
20161212,27564,6111,33675
20161211,30124,9081,39205
20161210,32620,5802,38422
20161209,32310,7405,39715
20161208,32204,6288,38492
20161207,25161,6284,31445
20161206,24815,6989,31804
20161205,29524,6410,35934
20161204,29552,7867,37419
20161203,29902,8134,38036
20161202,33365,6506,39871
20161201,31286,6527,37813
20161130,21951,8369,30320
20161129,23176,8634,31810
20161128,29520,3907,33427
20161127,31590,11113,42703
20161126,35524,7078,42602
20161125,37090,8712,45802
20161124,33830,5926,39756
20161123,28478,5698,34176
20161122,27060,7169,34229
20161121,30971,5662,36633
20161120,33804,9076,42880
20161119,37269,6478,43747
20161118,37938,9697,47635
20161117,34353,11243,45596
20161116,32033,6309,38342
20161115,28795,4590,33385
20161114,32294,4511,36805
20161113,34529,9270,43799
20161112,37475,7190,44665
20161111,38914,9474,48388
20161110,36408,8811,45219
20161109,32576,6167,38743
20161108,29964,6448,36412
20161107,33794,5354,39148
20161106,34803,9847,44650
20161105,36708,10060,46768
20161104,38278,10318,48596
20161103,36587,7402,43989
20161102,36510,10770,47280
20161101,32632,8798,41430
20161031,34219,9273,43492
20161030,33910,10905,44815
20161029,39213,9566,48779
20161028,31708,9237,40945
20161027,36786,9707,46493
20161026,36518,11930,48448
20161025,34291,10788,45079
20161024,35061,10775,45836
20161023,34405,12970,47375
20161022,36780,9218,45998
20161021,36704,12892,49596
20161020,35914,12993,48907
20161019,36391,10619,47010
20161018,35430,14377,49807
20161017,35238,12005,47243
20161016,36106,8538,44644
20161015,39508,6881,46389
20161014,39629,10265,49894
20161013,37262,11352,48614
20161012,36095,9857,45952
20161011,36703,9160,45863
20161010,35248,11991,47239
20161009,36176,9412,45588
20161008,37262,8346,45608
20161007,36098,10578,46676
20161006,34239,13328,47567
20161005,24749,6998,31747
20161004,32672,5102,37774
20161003,35915,14169,50084
20161002,38757,9178,47935
20161001,45672,16973,62645
20160930,39921,11501,51422
20160929,34524,10922,45446
20160928,30470,9912,40382
20160927,33122,12095,45217
20160926,37400,8829,46229
20160925,37073,12431,49504
20160924,36343,12344,48687
20160923,35749,11959,47708
20160922,35457,18114,53571
20160921,33557,10072,43629
20160920,31603,9358,40961
20160919,27481,7081,34562
20160918,31595,8964,40559
20160917,27174,16854,44028
20160916,35591,8572,44163
20160915,41605,11114,52719
20160914,46138,6952,53090
20160913,41314,15255,56569
20160912,33100,6207,39307
20160911,31396,9532,40928
20160910,35479,12440,47919
20160909,30179,9286,39465
20160908,28667,11317,39984
20160907,29141,6510,35651
20160906,29187,10200,39387
20160905,32663,9685,42348
20160904,31175,11496,42671
20160903,32234,16913,49147
20160902,30321,15235,45556
20160901,32719,11919,44638
20160831,27733,8372,36105
20160830,27307,8795,36102
20160829,34897,9644,44541
20160828,36734,10995,47729
20160827,36477,12878,49355
20160826,32596,13711,46307
20160825,34945,17538,52483
20160824,35540,16674,52214
20160823,35784,12945,48729
20160822,37091,11410,48501
20160821,35980,17724,53704
20160820,32324,17418,49742
20160819,32723,15927,48650
20160818,32093,13618,45711
20160817,31945,12493,44438
20160816,34313,18030,52343
20160815,35830,18765,54595
20160814,36786,19222,56008
20160813,42244,10813,53057
20160812,39394,11270,50664
20160811,37858,14352,52210
20160810,37533,14424,51957
20160809,33406,17659,51065
20160808,37825,15492,53317
20160807,38759,14439,53198
20160806,36488,12468,48956
20160805,36190,13347,49537
20160804,37494,17403,54897
20160803,40013,12165,52178
20160802,39144,10567,49711
20160801,42761,12844,55605
20160731,46882,12522,59404
20160730,44489,15078,59567
20160729,42055,12805,54860
20160728,41378,14321,55699
20160727,39713,13548,53261
20160726,36903,14111,51014
20160725,38723,14281,53004
20160724,38322,8078,46400
20160723,38721,11692,50413
20160722,38050,13679,51729
20160721,38570,13201,51771
20160720,37906,16798,54704
20160719,37236,11885,49121
20160718,36605,13287,49892
20160717,37037,13358,50395
20160716,35302,13532,48834
20160715,32876,15148,48024
20160714,34743,13014,47757
20160713,35371,11167,46538
20160712,33697,13353,47050
20160711,34357,12982,47339
20160710,33878,13512,47390
20160709,32794,13156,45950
20160708,31734,10595,42329
20160707,35040,16292,51332
20160706,33758,13038,46796
20160705,32635,17709,50344
20160704,35333,11610,46943
20160703,34164,8813,42977
20160702,33211,10676,43887
20160701,32432,11660,44092
20160630,35220,12786,48006
20160629,31126,9014,40140
20160628,30658,11419,42077
20160627,34917,12545,47462
20160626,34490,13144,47634
20160625,35876,18151,54027
20160624,33945,7890,41835
20160623,35059,12483,47542
20160622,33547,10604,44151
20160621,32146,10951,43097
20160620,33446,12525,45971
20160619,33175,13440,46615
20160618,36383,11376,47759
20160617,36599,9560,46159
20160616,36552,13788,50340
20160615,32465,13495,45960
20160614,32616,11704,44320
20160613,36677,9357,46034
20160612,38116,15033,53149
20160611,38667,12897,51564
20160610,36312,10523,46835
20160609,35230,12742,47972
20160608,35635,10835,46470
20160607,35762,15119,50881
20160606,33923,11851,45774
20160605,35674,11599,47273
20160604,44661,7793,52454
20160603,41256,14625,55881
20160602,37269,13065,50334
20160601,36277,8970,45247
20160531,30347,11853,42200
20160530,32520,10328,42848
20160529,34648,13175,47823
20160528,38268,12067,50335
20160527,37776,11353,49129
20160526,35033,14289,49322
20160525,35976,12098,48074
20160524,32406,11662,44068
20160523,36249,9616,45865
20160522,34905,10522,45427
20160521,36491,14339,50830
20160520,37610,9227,46837
20160519,35647,15560,51207
20160518,36610,11291,47901
20160517,34854,7537,42391
20160516,36481,8268,44749
20160515,33316,12398,45714
20160514,37194,12858,50052
20160513,37573,11590,49163
20160512,34023,12333,46356
20160511,35480,12806,48286
20160510,32587,10686,43273
20160509,36487,9403,45890
20160508,31013,7963,38976
20160507,26280,8783,35063
20160506,34394,11135,45529
20160505,44045,10612,54657
20160504,41615,9266,50881
20160503,35546,10706,46252
20160502,25635,7586,33221
20160501,35169,12693,47862
20160430,35169,11927,47096
20160429,35475,10579,46054
20160428,37751,13053,50804
20160427,33538,7735,41273
20160426,32495,10808,43303
20160425,35365,13336,48701
20160424,36215,10082,46297
20160423,38374,11852,50226
20160422,39289,9199,48488
20160421,37153,12912,50065
20160420,33630,8433,42063
20160419,33497,14283,47780
20160418,36304,12151,48455
20160417,42427,8762,51189
20160416,17960,4802,22762
20160415,36181,13416,49597
20160414,35495,8010,43505
20160413,33091,7079,40170
20160412,32759,6404,39163
20160411,33502,12137,45639
20160410,36528,10795,47323
20160409,39250,11795,51045
20160408,37990,8711,46701
20160407,36940,9381,46321
20160406,32229,9902,42131
20160405,33845,13787,47632
20160404,36740,6286,43026
20160403,34904,7702,42606
20160402,37869,11248,49117
20160401,40009,11057,51066
20160331,36050,11031,47081
20160330,31979,7287,39266
20160329,32918,7830,40748
20160328,35787,7582,43369
20160327,35935,9288,45223
20160326,34806,6640,41446
20160325,36381,12363,48744
20160324,33667,9174,42841
20160323,30065,6157,36222
20160322,30219,8805,39024
20160321,31705,8251,39956
20160320,33201,8655,41856
20160319,34129,6781,40910
20160318,36743,8252,44995
20160317,32725,8797,41522
20160316,25712,6923,32635
20160315,26702,9627,36329
20160314,27325,8254,35579
20160313,28385,8644,37029
20160312,31835,5473,37308
20160311,31203,11063,42266
20160310,27502,5012,32514
20160309,20347,8242,28589
20160308,21504,4990,26494
20160307,25722,4465,30187
20160306,24457,7455,31912
20160305,27604,7455,35059
20160304,26765,8279,35044
20160303,23514,5302,28816
20160302,22849,6671,29520
20160301,20310,7044,27354
20160229,20962,6209,27171
20160228,31791,5542,37333
20160227,36428,7740,44168
20160226,34615,9661,44276
20160225,35264,8990,44254
20160224,31741,6050,37791
20160223,31928,8887,40815
20160222,33126,9020,42146
20160221,32898,6481,39379
20160220,33137,7546,40683
20160219,31209,6628,37837
20160218,33770,8901,42671
20160217,32499,9340,41839
20160216,31184,7004,38188
20160215,34226,5299,39525
20160214,30427,6646,37073
20160213,23765,12498,36263
20160212,24604,6602,31206
20160211,26632,7718,34350
20160210,33384,7574,40958
20160209,32462,6902,39364
20160208,32125,7276,39401
20160207,35742,9865,45607
20160206,38231,6317,44548
20160205,31961,5723,37684
20160204,24255,8592,32847
20160203,18194,7102,25296
20160202,20535,6027,26562
20160201,25327,6943,32270
20160131,23450,9466,32916
20160130,25272,6705,31977
20160129,24977,5154,30131
20160128,25039,8346,33385
20160127,24354,8340,32694
20160126,28675,4929,33604
20160125,10163,4271,14434
20160124,0,0,0
20160123,14518,2256,16774
20160122,31367,5611,36978
20160121,33211,9353,42564
20160120,29612,3690,33302
20160119,28083,4296,32379
20160118,30938,4237,35175
20160117,32062,5249,37311
20160116,34111,4773,38884
20160115,32864,7949,40813
20160114,32862,7643,40505
20160113,29390,3371,32761
20160112,29603,4759,34362
20160111,33096,3113,36209
20160110,33484,4240,37724
20160109,33233,9414,42647
20160108,31542,5037,36579
20160107,32565,4080,36645
20160106,29654,3277,32931
20160105,30702,4096,34798
20160104,33539,6030,39569
20160103,30817,4269,35086
20160102,24621,9090,33711
20160101,39146,4050,43196
20151231,37060,6305,43365
20151230,36761,7739,44500
20151229,32838,5697,38535
20151228,36162,3487,39649
20151227,34446,9179,43625
20151226,29031,5432,34463
20151225,38918,7400,46318
20151224,32996,5527,38523
20151223,29137,7829,36966
20151222,24051,4226,28277
20151221,28955,6316,35271
20151220,29528,6294,35822
20151219,30875,7709,38584
20151218,29629,4665,34294
20151217,28407,6327,34734
20151216,24035,3859,27894
20151215,22917,5831,28748
20151214,26320,4188,30508
20151213,25946,7784,33730
20151212,29507,4838,34345
20151211,29355,4665,34020
20151210,26289,6240,32529
20151209,22053,4057,26110
20151208,22771,3923,26694
20151207,25316,7623,32939
20151206,25472,4243,29715
20151205,28413,11451,39864
20151204,29115,5052,34167
20151203,25612,4545,30157
20151202,20611,4124,24735
20151201,22465,4648,27113
20151130,21980,5860,27840
20151129,24350,9416,33766
20151128,30815,5655,36470
20151127,32160,4954,37114
20151126,31506,4829,36335
20151125,26069,9391,35460
20151124,24060,5981,30041
20151123,28773,4692,33465
20151122,31368,6074,37442
20151121,34870,9488,44358
20151120,36140,7110,43250
20151119,33068,4932,38000
20151118,29576,7341,36917
20151117,25380,9971,35351
20151116,29847,5764,35611
20151115,34460,8509,42969
20151114,35800,6714,42514
20151113,36719,5721,42440
20151112,33678,7433,41111
20151111,31562,9247,40809
20151110,29042,5926,34968
20151109,32909,8449,41358
20151108,32890,5900,38790
20151107,34653,9069,43722
20151106,36101,5985,42086
20151105,34705,9722,44427
20151104,32475,6738,39213
20151103,31530,4696,36226
20151102,32284,6021,38305
20151101,33064,7498,40562
20151031,33509,9170,42679
20151030,33969,7474,41443
20151029,33653,10497,44150
20151028,30759,8040,38799
20151027,30547,7426,37973
20151026,33072,6638,39710
20151025,32149,15012,47161
20151024,38010,9968,47978
20151023,37945,8828,46773
20151022,36023,6598,42621
20151021,33986,9578,43564
20151020,32600,11672,44272
20151019,36152,8292,44444
20151018,35133,9756,44889
20151017,37139,13594,50733
20151016,38036,9416,47452
20151015,35743,11575,47318
20151014,36145,6968,43113
20151013,26778,9520,36298
20151012,35726,11552,47278
20151011,34341,9440,43781
20151010,28794,9268,38062
20151009,42678,13209,55887
20151008,41014,12704,53718
20151007,36345,8023,44368
20151006,31996,6259,38255
20151005,34037,11483,45520
20151004,32168,14464,46632
20151003,34552,11813,46365
20151002,34833,11627,46460
20151001,28775,11002,39777
20150930,33158,8553,41711
20150929,31486,8160,39646
20150928,33102,9466,42568
20150927,36152,12397,48549
20150926,46098,8686,54784
20150925,39219,8425,47644
20150924,27448,6717,34165
20150923,18142,12218,30360
20150922,21046,10275,31321
20150921,27663,10719,38382
20150920,25482,10681,36163
20150919,27998,9722,37720
20150918,31109,7491,38600
20150917,31250,9567,40817
20150916,27621,10601,38222
20150915,26187,9496,35683
20150914,30024,7351,37375
20150913,32409,8214,40623
20150912,34657,8332,42989
20150911,34529,11221,45750
20150910,34519,10411,44930
20150909,30668,7752,38420
20150908,30866,6651,37517
20150907,34593,8611,43204
20150906,33766,7726,41492
20150905,33948,7537,41485
20150904,35424,7242,42666
20150903,34769,8163,42932
20150902,31584,8378,39962
20150901,32015,3865,35880
20150831,29722,9052,38774
20150830,30847,7928,38775
20150829,30012,9929,39941
20150828,32557,5063,37620
20150827,35283,10414,45697
20150826,32646,11138,43784
20150825,31986,8598,40584
20150824,33633,6399,40032
20150823,34335,11872,46207
20150822,33769,8889,42658
20150821,33096,6833,39929
20150820,33502,8098,41600
20150819,31772,11229,43001
20150818,30293,5286,35579
20150817,35541,7019,42560
20150816,38981,6255,45236
20150815,35323,3451,38774
20150814,39943,9949,49892
20150813,36921,7615,44536
20150812,36479,4923,41402
20150811,32544,3627,36171
20150810,37518,7204,44722
20150809,39122,6323,45445
20150808,37430,5721,43151
20150807,36418,6222,42640
20150806,39122,2700,41822
20150805,38632,3462,42094
20150804,37575,5048,42623
20150803,41992,7073,49065
20150802,44331,2288,46619
20150801,43961,4324,48285
20150731,43794,2374,46168
20150730,,,45409
20150729,,,42651
20150728,,,38965
20150727,,,42035
20150726,,,40966
20150725,,,38732
20150724,,,35711
20150723,,,35869
20150722,,,37453
20150721,,,31286
20150720,,,35023
20150719,,,39858
20150718,,,35353
20150717,,,39376
20150716,,,40989
20150715,,,33530
20150714,,,36155
20150713,,,34827
20150712,,,20100
20150711,,,31160
20150710,,,35292
20150709,,,30248
20150708,,,24432
20150707,,,22454
20150706,,,30201
20150705,,,27682
20150704,,,29618
20150703,,,32146
20150702,,,29709
20150701,,,28773
20150630,,,21194
20150629,,,27490
20150628,,,25887
20150627,,,33805
20150626,,,27980
20150625,,,24117
20150624,,,21813
20150623,,,27055
20150622,,,26799
20150621,,,29864
20150620,,,32525
20150619,,,32872
20150618,,,30246
20150617,,,24677
20150616,,,24514
20150615,,,29183
20150614,,,28213
20150613,,,31420
20150612,,,35492
20150611,,,32396
20150610,,,25901
20150609,,,31583
20150608,,,33522
20150607,,,34783
20150606,,,37351
20150605,,,40866
20150604,,,43852
20150603,,,41460
20150602,,,37329
20150601,,,41229
20150531,,,40973
20150530,,,47932
20150529,,,43595
20150528,,,44353
20150527,,,48380
20150526,,,45256
20150525,,,35872
20150524,,,37972
20150523,,,50210
20150522,,,49720
20150521,,,41135
20150520,,,41520
20150519,,,39581
20150518,,,46456
20150517,,,39296
20150516,,,44447
20150515,,,44729
20150514,,,41428
20150513,,,38263
20150512,,,45421
20150511,,,32058
20150510,,,41080
20150509,,,38461
20150508,,,38400
20150507,,,34899
20150506,,,42308
20150505,,,34003
20150504,,,36560
20150503,,,45659
20150502,,,49178
20150501,,,53215
20150430,,,44738
20150429,,,44562
20150428,,,39954
20150427,,,45208
20150426,,,46767
20150425,,,48105
20150424,,,46125
20150423,,,44833
20150422,,,39632
20150421,,,40688
20150420,,,40976
20150419,,,40906
20150418,,,44731
20150417,,,49719
20150416,,,42749
20150415,,,38435
20150414,,,36709
20150413,,,42347
20150412,,,42898
20150411,,,42351
20150410,,,42745
20150409,,,44034
20150408,,,38568
20150407,,,35548
20150406,,,39283
20150405,,,41015
20150404,,,38073
20150403,,,45631
20150402,,,23960
20150401,,,37801
20150331,,,33068
20150330,,,34757
20150329,,,36066
20150328,,,42852
20150327,,,40361
20150326,,,38113
20150325,,,33607
20150324,,,34174
20150323,,,36397
20150322,,,38348
20150321,,,38673
20150320,,,42341
20150319,,,36184
20150318,,,28803
20150317,,,27781
20150316,,,34079
20150315,,,31143
20150314,,,38351
20150313,,,35611
20150312,,,31275
20150311,,,24217
20150310,,,23087
20150309,,,27426
20150308,,,26426
20150307,,,30727
20150306,,,32500
20150305,,,26605
20150304,,,23129
20150303,,,22000
20150302,,,25802
20150301,,,27622
20150228,,,30790
20150227,,,37912
20150226,,,37310
20150225,,,39241
20150224,,,35819
20150223,,,35985
20150222,,,40750
20150221,,,33119
20150220,,,40314
20150219,,,37665
20150218,,,43160
20150217,,,40378
20150216,,,32844
20150215,,,32624
20150214,,,35685
20150213,,,33497
20150212,,,29967
20150211,,,26749
20150210,,,26813
20150209,,,32619
20150208,,,29309
20150207,,,33607
20150206,,,31780
20150205,,,30375
20150204,,,25243
20150203,,,27093
20150202,,,29804
20150201,,,29590
20150131,,,31515
20150130,,,31230
20150129,,,30798
20150128,,,28028
20150127,,,27612
20150126,,,31335
20150125,,,31560
20150124,,,34437
20150123,,,33943
20150122,,,31422
20150121,,,26267
20150120,,,27162
20150119,,,30811
20150118,,,31034
20150117,,,34829
20150116,,,32284
20150115,,,31490
20150114,,,24923
20150113,,,27503
20150112,,,31203
20150111,,,29618
20150110,,,31209
20150109,,,31314
20150108,,,30111
20150107,,,25968
20150106,,,27113
20150105,,,31521
20150104,,,27844
20150103,,,28545
20150102,,,29649
20150101,,,33428
20141231,,,36446
20141230,,,28115
20141229,,,31646
20141228,,,35014
20141227,,,29539
20141226,,,29332
20141225,,,31416
20141224,,,31796
20141223,,,23518
20141222,,,25249
20141221,,,27870
20141220,,,34632
20141219,,,33452
20141218,,,33089
20141217,,,27337
20141216,,,30004
20141215,,,28788
20141214,,,30150
20141213,,,29338
20141212,,,31940
20141211,,,26145
20141210,,,24817
20141209,,,21680
20141208,,,25329
20141207,,,25783
20141206,,,29100
20141205,,,28452
20141204,,,26706
20141203,,,26617
20141202,,,21205
20141201,,,26255
20141130,,,25254
20141129,,,29724
20141128,,,35962
20141127,,,30021
20141126,,,27231
20141125,,,25563
20141124,,,31147
20141123,,,30439
20141122,,,32550
20141121,,,35105
20141120,,,37140
20141119,,,30116
20141118,,,28181
20141117,,,32421
20141116,,,35363
20141115,,,36210
20141114,,,37681
20141113,,,35522
20141112,,,33272
20141111,,,28612
20141110,,,32408
20141109,,,34802
20141108,,,40102
20141107,,,39136
20141106,,,37282
20141105,,,33533
20141104,,,35064
20141103,,,33962
20141102,,,33362
20141101,,,35206
20141031,,,38327
20141030,,,35721
20141029,,,35754
20141028,,,37073
20141027,,,36138
20141026,,,42526
20141025,,,40110
20141024,,,40992
20141023,,,37763
20141022,,,39434
20141021,,,35034
20141020,,,39830
20141019,,,41794
20141018,,,39383
20141017,,,42520
20141016,,,38573
20141015,,,38941
20141014,,,32556
20141013,,,34992
20141012,,,34008
20141011,,,30512
20141010,,,32324
20141009,,,47278
20141008,,,41609
20141007,,,37197
20141006,,,39678
20141005,,,40675
20141004,,,35824
20141003,,,47766
20141002,,,47939
20141001,,,44089
20140930,,,33193
20140929,,,34984
20140928,,,40646
20140927,,,39072
20140926,,,39416
20140925,,,44220
20140924,,,29806
20140923,,,35607
20140922,,,34431
20140921,,,40152
20140920,,,38722
20140919,,,40964
20140918,,,37340
20140917,,,32902
20140916,,,33334
20140915,,,38221
20140914,,,38940
20140913,,,32712
20140912,,,33415
20140911,,,34582
20140910,,,35491
20140909,,,35014
20140908,,,35427
20140907,,,40519
20140906,,,50981
20140905,,,43668
20140904,,,
20140903,,,24800
20140902,,,28802
20140901,,,32079
20140831,,,31867
20140830,,,33725
20140829,,,36388
20140828,,,38977
20140827,,,42404
20140826,,,41170
20140825,,,41614
20140824,,,42132
20140823,,,41942
20140822,,,39852
20140821,,,40962
20140820,,,40962
20140819,,,43559
20140818,,,45141
20140817,,,46646
20140816,,,37620
20140815,,,52468
20140814,,,47278
20140813,,,46618
20140812,,,39351
20140811,,,44723
20140810,,,43308
20140809,,,32662
20140808,,,35306
20140807,,,40283
20140806,,,41279
20140805,,,44880
20140804,,,48004
20140803,,,49343
20140802,,,2451
20140801,,,38620
20140731,,,44109
20140730,,,44702
20140729,,,40380
20140728,,,44163
20140727,,,43375
20140726,,,39010
20140725,,,41770
20140724,,,42481
20140723,,,37576
20140722,,,31214
20140721,,,35686
20140720,,,40066
20140719,,,39685
20140718,,,34849
20140717,,,36528
20140716,,,41258
20140715,,,37240
20140714,,,39362
20140713,,,43079
20140712,,,36631
20140711,,,42405
20140710,,,40618
20140709,,,11173
20140708,,,31852
20140707,,,33879
20140706,,,35647
20140705,,,32099
20140704,,,36830
20140703,,,36779
20140702,,,29993
20140701,,,31141
20140630,,,37574
20140629,,,32953
20140628,,,37472
20140627,,,36956
20140626,,,34604
20140625,,,39354
20140624,,,34352
20140623,,,37349
20140622,,,35101
20140621,,,35436
20140620,,,38758
20140619,,,38089
20140618,,,32355
20140617,,,28692
20140616,,,37801
20140615,,,39631
20140614,,,38930
20140613,,,35817
20140612,,,36440
20140611,,,32876
20140610,,,32378
20140609,,,33202
20140608,,,31831
20140607,,,28742
20140606,,,48557
20140605,,,43196
20140604,,,44332
20140603,,,43169
20140602,,,4776
20140601,,,35195
20140531,,,37285
20140530,,,36026
20140529,,,33135
20140528,,,30527
20140527,,,26706
20140526,,,33197
20140525,,,30113
20140524,,,34394
20140523,,,37530
20140522,,,32965
20140521,,,25865
20140520,,,28355
20140519,,,27378
20140518,,,33491
20140517,,,34751
20140516,,,34392
20140515,,,32068
20140514,,,30132
20140513,,,27979
20140512,,,35796
20140511,,,17080
20140510,,,30974
20140509,,,32510
20140508,,,25753
20140507,,,24605
20140506,,,24048
20140505,,,27684
20140504,,,44141
20140503,,,48625
20140502,,,43558
20140501,,,47324
20140430,,,37061
20140429,,,25417
20140428,,,28668
20140427,,,33232
20140426,,,36081
20140425,,,39385
20140424,,,40189
20140423,,,27981
20140422,,,34391
20140421,,,36169
20140420,,,35151
20140419,,,41435
20140418,,,45682
20140417,,,41945
20140416,,,40832
20140415,,,39378
20140414,,,38106
20140413,,,36163
20140412,,,43469
20140411,,,44279
20140410,,,38945
20140409,,,39720
20140408,,,42184
20140407,,,43599
20140406,,,33509
20140405,,,39748
20140404,,,38186
20140403,,,37979
20140402,,,31708
20140401,,,34682
20140331,,,37802
20140330,,,32091
20140329,,,33766
20140328,,,39450
20140327,,,37825
20140326,,,31538
20140325,,,2014
20140324,,,35910
20140323,,,33324
20140322,,,33759
20140321,,,38870
20140320,,,33117
20140319,,,26504
20140318,,,27535
20140317,,,27240
20140316,,,30505
20140315,,,29575
20140314,,,30330
20140313,,,27360
20140312,,,19992
20140311,,,19507
20140310,,,23720
20140309,,,22703
20140308,,,29080
20140307,,,28104
20140306,,,26027
20140305,,,17503
20140304,,,18754
20140303,,,18680
20140302,,,21716
20140301,,,26249
20140228,,,30511
20140227,,,29520
20140226,,,28044
20140225,,,27077
20140224,,,33782
20140223,,,32532
20140222,,,32671
20140221,,,34586
20140220,,,33835
20140219,,,28090
20140218,,,25926
20140217,,,28663
20140216,,,30603
20140215,,,32488
20140214,,,29817
20140213,,,26874
20140212,,,24047
20140211,,,21894
20140210,,,27989
20140209,,,25264
20140208,,,27662
20140207,,,26949
20140206,,,27940
20140205,,,24699
20140204,,,23924
20140203,,,25273
20140202,,,27572
20140201,,,24737
20140131,,,26765
20140130,,,36820
20140129,,,32346
20140128,,,23453
20140127,,,20852
20140126,,,19849
20140125,,,24281
20140124,,,23159
20140123,,,25319
20140122,,,21633
20140121,,,21289
20140120,,,26529
20140119,,,25197
20140118,,,30300
20140117,,,29415
20140116,,,26825
20140115,,,23127
20140114,,,22542
20140113,,,26390
20140112,,,25357
20140111,,,29326
20140110,,,28526
20140109,,,24908
20140108,,,19912
20140107,,,22578
20140106,,,27404
20140105,,,24048
20140104,,,26267
20140103,,,24762
20140102,,,31189
20140101,,,26178
20131231,,,28216
20131230,,,24925
20131229,,,30904
20131228,,,30044
20131227,,,28120
20131226,,,28258
20131225,,,23636
20131224,,,22273
20131223,,,22502
20131222,,,25830
20131221,,,27339
20131220,,,25219
20131219,,,23168
20131218,,,20326
20131217,,,21115
20131216,,,21910
20131215,,,24287
20131214,,,25998
20131213,,,27380
20131212,,,23310
20131211,,,20443
20131210,,,20744
20131209,,,22489
20131208,,,24003
20131207,,,28114
20131206,,,30066
20131205,,,27272
20131204,,,18585
20131203,,,20659
20131202,,,23433
20131201,,,23781
20131130,,,32168
20131129,,,35311
20131128,,,30494
20131127,,,20436
20131126,,,18630
20131125,,,21954
20131124,,,21261
20131123,,,24068
20131122,,,25810
20131121,,,27820
20131120,,,26063
20131119,,,22101
20131118,,,23705
20131117,,,26026
20131116,,,27145
20131115,,,29395
20131114,,,31804
20131113,,,27857
20131112,,,26744
20131111,,,28689
20131110,,,29958
20131109,,,34204
20131108,,,38076
20131107,,,32895
20131106,,,28670
20131105,,,25814
20131104,,,30830
20131103,,,29684
20131102,,,34839
20131101,,,34261
20131031,,,33391
20131030,,,26705
20131029,,,26194
20131028,,,30949
20131027,,,35207
20131026,,,39310
20131025,,,34929
20131024,,,31354
20131023,,,32955
20131022,,,31944
20131021,,,38783
20131020,,,30971
20131019,,,36087
20131018,,,36107
20131017,,,33083
20131016,,,34037
20131015,,,31702
20131014,,,33902
20131013,,,29718
20131012,,,38774
20131011,,,30514
20131010,,,31838
20131009,,,33808
20131008,,,18110
20131007,,,28101
20131006,,,26400
20131005,,,27705
20131004,,,33851
20131003,,,43885
20131002,,,36458
20131001,,,32543
20130930,,,35634
20130929,,,27985
20130928,,,35714
20130927,,,37384
20130926,,,36036
20130925,,,33561
20130924,,,32270
20130923,,,31344
20130922,,,33813
20130921,,,30367
20130920,,,36285
20130919,,,40267
20130918,,,45940
20130917,,,37890
20130916,,,29051
20130915,,,26158
20130914,,,32027
20130913,,,28622
20130912,,,28647
20130911,,,26070
20130910,,,29144
20130909,,,29204
20130908,,,30502
20130907,,,31771
20130906,,,30832
20130905,,,32458
20130904,,,28865
20130903,,,25352
20130902,,,29584
20130901,,,29246
20130831,,,28835
20130830,,,32931
20130829,,,34387
20130828,,,35134
20130827,,,33356
20130826,,,39509
20130825,,,37459
20130824,,,34790
20130823,,,33383
20130822,,,33222
20130821,,,35115
20130820,,,29035
20130819,,,36966
20130818,,,33221
20130817,,,33901
20130816,,,34469
20130815,,,47004
20130814,,,42528
20130813,,,44140
20130812,,,41320
20130811,,,38815
20130810,,,40871
20130809,,,39773
20130808,,,43091
20130807,,,38952
20130806,,,37324
20130805,,,38561
20130804,,,42227
20130803,,,43109
20130802,,,42862
20130801,,,49361
20130731,,,45920
20130730,,,37740
20130729,,,42161
20130728,,,43684
20130727,,,46753
20130726,,,34719
20130725,,,34799
20130724,,,35423
20130723,,,31867
20130722,,,37009
20130721,,,31883
20130720,,,35675
20130719,,,35398
20130718,,,36672
20130717,,,34495
20130716,,,31213
20130715,,,30563
20130714,,,32846
20130713,,,35092
20130712,,,33823
20130711,,,34757
20130710,,,31780
20130709,,,29282
20130708,,,29418
20130707,,,31820
20130706,,,32186
20130705,,,29973
20130704,,,29134
20130703,,,28372
20130702,,,26194
20130701,,,26980
20130630,,,27611
20130629,,,32969
20130628,,,30438
20130627,,,29918
20130626,,,30439
20130625,,,28296
20130624,,,29090
20130623,,,27499
20130622,,,34318
20130621,,,33417
20130620,,,32593
20130619,,,31086
20130618,,,25586
20130617,,,32164
20130616,,,32979
20130615,,,35172
20130614,,,35255
20130613,,,32610
20130612,,,31691
20130611,,,33005
20130610,,,35323
20130609,,,28743
20130608,,,28879
20130607,,,27435
20130606,,,42447
20130605,,,33766
20130604,,,30579
20130603,,,32778
20130602,,,29645
20130601,,,35924
20130531,,,31145
20130530,,,29850
20130529,,,32424
20130528,,,29555
20130527,,,35467
20130526,,,30892
20130525,,,38566
20130524,,,36595
20130523,,,34438
20130522,,,31521
20130521,,,34225
20130520,,,34637
20130519,,,32048
20130518,,,25326
20130517,,,43597
20130516,,,43085
20130515,,,24989
20130514,,,32930
20130513,,,35343
20130512,,,31857
20130511,,,33293
20130510,,,33875
20130509,,,30696
20130508,,,27904
20130507,,,32045
20130506,,,33209
20130505,,,25026
20130504,,,30316
20130503,,,33728
20130502,,,29390
20130501,,,38623
20130430,,,30794
20130429,,,32411
20130428,,,32012
20130427,,,37190
20130426,,,36912
20130425,,,34851
20130424,,,30682
20130423,,,33292
20130422,,,34836
20130421,,,30953
20130420,,,39748
20130419,,,37910
20130418,,,35751
20130417,,,29915
20130416,,,31716
20130415,,,32641
20130414,,,33921
20130413,,,35449
20130412,,,36815
20130411,,,37263
20130410,,,30494
20130409,,,33491
20130408,,,37706
20130407,,,27145
20130406,,,28540
20130405,,,37203
20130404,,,30704
20130403,,,29334
20130402,,,32646
20130401,,,34919
20130331,,,25761
20130330,,,30840
20130329,,,32181
20130328,,,28283
20130327,,,27028
20130326,,,25592
20130325,,,27580
20130324,,,25139
20130323,,,27842
20130322,,,29740
20130321,,,25320
20130320,,,24280
20130319,,,21828
20130318,,,24271
20130317,,,19551
20130316,,,25192
20130315,,,26700
20130314,,,20947
20130313,,,16056
20130312,,,15749
20130311,,,18874
20130310,,,16722
20130309,,,21168
20130308,,,22660
20130307,,,19595
20130306,,,14711
20130305,,,14481
20130304,,,17385
20130303,,,17100
20130302,,,18060
20130301,,,34580
20130228,,,31319
20130227,,,30906
20130226,,,25704
20130225,,,26091
20130224,,,26917
20130223,,,31184
20130222,,,29178
20130221,,,26674
20130220,,,24254
20130219,,,22340
20130218,,,24932
20130217,,,24454
20130216,,,28932
20130215,,,27413
20130214,,,25516
20130213,,,26206
20130212,,,24305
20130211,,,24648
20130210,,,19868
20130209,,,30858
20130208,,,28263
20130207,,,20364
20130206,,,
20130205,,,12200
20130204,,,13841
20130203,,,13572
20130202,,,20467
20130201,,,18127
20130131,,,18361
20130130,,,15699
20130129,,,18267
20130128,,,21145
20130127,,,20913
20130126,,,28453
20130125,,,25609
20130124,,,23237
20130123,,,19093
20130122,,,18707
20130121,,,21885
20130120,,,22255
20130119,,,27167
20130118,,,25510
20130117,,,23082
20130116,,,18455
20130115,,,19600
20130114,,,21314
20130113,,,18432
20130112,,,25704
20130111,,,22220
20130110,,,21374
20130109,,,17566
20130108,,,17749
20130107,,,21620
20130106,,,17811
20130105,,,20286
20130104,,,20604
20130103,,,22305
20130102,,,22121
20130101,,,17010
