group,time,value,algorithm,category,score
내국인방문객수,20150801,43961.0,stl,급증/급감,6.3741
내국인방문객수,20150804,37575.0,stl,급증/급감,5.8338
내국인방문객수,20150807,36418.0,stl,급증/급감,5.1521
내국인방문객수,20150829,30012.0,stl,급증/급감,5.548
내국인방문객수,20150830,30847.0,stl,급증/급감,4.8937
내국인방문객수,20150831,29722.0,stl,급증/급감,5.657
내국인방문객수,20150915,26187.0,stl,급증/급감,4.5622
내국인방문객수,20150919,27998.0,stl,급증/급감,3.0315
내국인방문객수,20150920,25482.0,stl,급증/급감,5.3316
내국인방문객수,20150922,21046.0,iqr_log,극단치,0.2366
내국인방문객수,20150922,21046.0,stl,급증/급감,10.9822
내국인방문객수,20150923,18142.0,iqr,극단치,0.1962
내국인방문객수,20150923,18142.0,iqr_log,극단치,0.9281
내국인방문객수,20150923,18142.0,stl,급증/급감,18.5287
내국인방문객수,20150925,39219.0,stl,급증/급감,7.1547
내국인방문객수,20150926,46098.0,stl,급증/급감,13.9773
내국인방문객수,20150927,36152.0,stl,급증/급감,5.2197
내국인방문객수,20151001,28775.0,stl,급증/급감,4.2963
내국인방문객수,20151008,41014.0,stl,급증/급감,8.3575
내국인방문객수,20151009,42678.0,stl,급증/급감,6.0463
내국인방문객수,20151010,28794.0,stl,급증/급감,9.9201
내국인방문객수,20151013,26778.0,stl,급증/급감,8.9607
내국인방문객수,20151117,25380.0,stl,급증/급감,3.1076
내국인방문객수,20151129,24350.0,stl,급증/급감,5.9051
내국인방문객수,20151130,21980.0,iqr_log,극단치,0.0344
내국인방문객수,20151130,21980.0,stl,급증/급감,7.2616
내국인방문객수,20151202,20611.0,iqr_log,극단치,0.3339
내국인방문객수,20151202,20611.0,stl,급증/급감,4.4838
내국인방문객수,20151209,22053.0,iqr_log,극단치,0.019
내국인방문객수,20151222,24051.0,stl,급증/급감,5.1581
내국인방문객수,20151226,29031.0,stl,급증/급감,9.0174
내국인방문객수,20151230,36761.0,stl,급증/급감,5.5795
내국인방문객수,20160102,24621.0,stl,급증/급감,15.7435
내국인방문객수,20160103,30817.0,stl,급증/급감,4.3623
내국인방문객수,20160108,31542.0,stl,급증/급감,4.3038
내국인방문객수,20160123,14518.0,iqr,극단치,0.6913
내국인방문객수,20160123,14518.0,iqr_log,극단치,1.9658
내국인방문객수,20160123,14518.0,mzscore,극단치,3.6958
내국인방문객수,20160123,14518.0,stl,급증/급감,31.2052
내국인방문객수,20160124,0.0,iqr,극단치,2.6747
내국인방문객수,20160124,0.0,iqr_log,극단치,46.594
내국인방문객수,20160124,0.0,mzscore,극단치,6.3968
내국인방문객수,20160124,0.0,skewkurt,분포 왜곡,3.4526
내국인방문객수,20160124,0.0,stl,급증/급감,420.5179
내국인방문객수,20160124,0.0,zscore,극단치,5.2147
내국인방문객수,20160125,10163.0,iqr,극단치,1.2863
내국인방문객수,20160125,10163.0,iqr_log,극단치,3.6264
내국인방문객수,20160125,10163.0,mzscore,극단치,4.5061
내국인방문객수,20160125,10163.0,stl,급증/급감,39.9871
내국인방문객수,20160125,10163.0,zscore,극단치,3.6435
내국인방문객수,20160126,28675.0,stl,급증/급감,7.1896
내국인방문객수,20160202,20535.0,iqr_log,극단치,0.3511
내국인방문객수,20160202,20535.0,stl,급증/급감,7.19
내국인방문객수,20160203,18194.0,iqr,극단치,0.1891
내국인방문객수,20160203,18194.0,iqr_log,극단치,0.9147
내국인방문객수,20160203,18194.0,stl,급증/급감,14.9914
내국인방문객수,20160204,24255.0,stl,급증/급감,6.7535
내국인방문객수,20160206,38231.0,stl,급증/급감,8.0331
내국인방문객수,20160207,35742.0,stl,급증/급감,7.4878
내국인방문객수,20160211,26632.0,stl,급증/급감,9.2347
내국인방문객수,20160212,24604.0,stl,급증/급감,13.6667
내국인방문객수,20160213,23765.0,stl,급증/급감,13.8939
내국인방문객수,20160219,31209.0,stl,급증/급감,4.2484
내국인방문객수,20160229,20962.0,iqr_log,극단치,0.2553
내국인방문객수,20160229,20962.0,stl,급증/급감,17.1237
내국인방문객수,20160301,20310.0,iqr_log,극단치,0.4024
내국인방문객수,20160301,20310.0,stl,급증/급감,13.6634
내국인방문객수,20160302,22849.0,stl,급증/급감,5.4502
내국인방문객수,20160303,23514.0,stl,급증/급감,7.1035
내국인방문객수,20160308,21504.0,iqr_log,극단치,0.1364
내국인방문객수,20160308,21504.0,stl,급증/급감,5.4427
내국인방문객수,20160309,20347.0,iqr_log,극단치,0.3939
내국인방문객수,20160309,20347.0,stl,급증/급감,7.1003
내국인방문객수,20160416,17960.0,iqr,극단치,0.2211
내국인방문객수,20160416,17960.0,iqr_log,극단치,0.975
내국인방문객수,20160416,17960.0,stl,급증/급감,30.6913
내국인방문객수,20160417,42427.0,stl,급증/급감,6.7107
내국인방문객수,20160502,25635.0,stl,급증/급감,13.1571
내국인방문객수,20160503,35546.0,stl,급증/급감,4.1941
내국인방문객수,20160504,41615.0,stl,급증/급감,8.6819
내국인방문객수,20160505,44045.0,stl,급증/급감,9.3763
내국인방문객수,20160507,26280.0,stl,급증/급감,12.8988
내국인방문객수,20160508,31013.0,stl,급증/급감,4.0384
내국인방문객수,20160531,30347.0,stl,급증/급감,4.9879
내국인방문객수,20160604,44661.0,stl,급증/급감,5.4452
내국인방문객수,20160612,38116.0,stl,급증/급감,4.4053
내국인방문객수,20160613,36677.0,stl,급증/급감,3.8014
내국인방문객수,20160729,42055.0,stl,급증/급감,4.9075
내국인방문객수,20160730,44489.0,stl,급증/급감,6.3612
내국인방문객수,20160731,46882.0,stl,급증/급감,7.1768
내국인방문객수,20160801,42761.0,stl,급증/급감,4.0734
내국인방문객수,20160809,33406.0,stl,급증/급감,4.6087
내국인방문객수,20160812,39394.0,stl,급증/급감,5.6807
내국인방문객수,20160813,42244.0,stl,급증/급감,8.2018
내국인방문객수,20160817,31945.0,stl,급증/급감,3.3598
내국인방문객수,20160830,27307.0,stl,급증/급감,7.4897
내국인방문객수,20160831,27733.0,stl,급증/급감,5.9202
내국인방문객수,20160910,35479.0,stl,급증/급감,5.02
내국인방문객수,20160913,41314.0,stl,급증/급감,14.331
내국인방문객수,20160914,46138.0,stl,급증/급감,17.3454
내국인방문객수,20160915,41605.0,stl,급증/급감,11.2108
내국인방문객수,20160917,27174.0,stl,급증/급감,10.8386
내국인방문객수,20160918,31595.0,stl,급증/급감,5.642
내국인방문객수,20160919,27481.0,stl,급증/급감,12.2235
내국인방문객수,20160928,30470.0,stl,급증/급감,4.9568
내국인방문객수,20160930,39921.0,stl,급증/급감,3.2962
내국인방문객수,20161001,45672.0,stl,급증/급감,8.7915
내국인방문객수,20161005,24749.0,stl,급증/급감,13.5107
내국인방문객수,20161028,31708.0,stl,급증/급감,7.8442
내국인방문객수,20161129,23176.0,stl,급증/급감,4.3659
내국인방문객수,20161130,21951.0,iqr_log,극단치,0.0406
내국인방문객수,20161130,21951.0,stl,급증/급감,8.4223
내국인방문객수,20161203,29902.0,stl,급증/급감,4.0496
내국인방문객수,20161215,26775.0,stl,급증/급감,6.6443
내국인방문객수,20161217,35179.0,stl,급증/급감,3.8048
내국인방문객수,20161221,26457.0,stl,급증/급감,4.8834
내국인방문객수,20161222,29474.0,stl,급증/급감,4.499
내국인방문객수,20161223,28976.0,stl,급증/급감,6.37
내국인방문객수,20170121,29724.0,stl,급증/급감,4.0876
내국인방문객수,20170122,28187.0,stl,급증/급감,7.4082
내국인방문객수,20170123,27066.0,stl,급증/급감,9.13
내국인방문객수,20170124,23322.0,stl,급증/급감,13.3172
내국인방문객수,20170126,35214.0,stl,급증/급감,3.715
내국인방문객수,20170127,39992.0,stl,급증/급감,12.0937
내국인방문객수,20170201,32900.0,stl,급증/급감,5.3019
내국인방문객수,20170205,27800.0,stl,급증/급감,5.131
내국인방문객수,20170219,32205.0,stl,급증/급감,5.2976
내국인방문객수,20170227,29692.0,stl,급증/급감,4.2649
내국인방문객수,20170228,17226.0,iqr,극단치,0.3214
내국인방문객수,20170228,17226.0,iqr_log,극단치,1.1693
내국인방문객수,20170228,17226.0,stl,급증/급감,23.0518
내국인방문객수,20170307,24624.0,stl,급증/급감,4.579
내국인방문객수,20170308,24230.0,stl,급증/급감,3.462
내국인방문객수,20170429,47821.0,stl,급증/급감,4.917
내국인방문객수,20170430,46743.0,stl,급증/급감,6.4002
내국인방문객수,20170502,44306.0,stl,급증/급감,5.2681
내국인방문객수,20170503,47981.0,stl,급증/급감,6.172
내국인방문객수,20170506,35259.0,stl,급증/급감,6.9027
내국인방문객수,20170507,33984.0,stl,급증/급감,5.5065
내국인방문객수,20170508,28920.0,stl,급증/급감,14.1089
내국인방문객수,20170511,36243.0,stl,급증/급감,4.0005
내국인방문객수,20170603,47550.0,stl,급증/급감,5.6242
내국인방문객수,20170605,34088.0,stl,급증/급감,7.2037
내국인방문객수,20170606,32973.0,stl,급증/급감,4.6859
내국인방문객수,20170629,35079.0,stl,급증/급감,4.1479
내국인방문객수,20170704,29899.0,stl,급증/급감,7.427
내국인방문객수,20170725,34801.0,stl,급증/급감,3.2662
내국인방문객수,20170804,36104.0,stl,급증/급감,5.3915
내국인방문객수,20170805,35977.0,stl,급증/급감,7.0997
내국인방문객수,20170806,36795.0,stl,급증/급감,6.2189
내국인방문객수,20170810,41731.0,stl,급증/급감,3.2519
내국인방문객수,20170811,44707.0,stl,급증/급감,7.7394
내국인방문객수,20170812,47569.0,stl,급증/급감,7.543
내국인방문객수,20170827,42660.0,stl,급증/급감,4.9934
내국인방문객수,20170905,37682.0,stl,급증/급감,5.1544
내국인방문객수,20170907,41835.0,stl,급증/급감,5.2212
내국인방문객수,20170915,35508.0,stl,급증/급감,4.5924
내국인방문객수,20170926,31300.0,stl,급증/급감,4.8937
내국인방문객수,20170927,31139.0,stl,급증/급감,9.3095
내국인방문객수,20170929,42418.0,stl,급증/급감,4.8419
내국인방문객수,20171001,48100.0,stl,급증/급감,7.8321
내국인방문객수,20171003,48319.0,stl,급증/급감,6.4581
내국인방문객수,20171005,49947.0,iqr,극단치,0.1487
내국인방문객수,20171005,49947.0,stl,급증/급감,8.9337
내국인방문객수,20171006,47967.0,stl,급증/급감,11.2923
내국인방문객수,20171011,33342.0,stl,급증/급감,5.3712
내국인방문객수,20171012,31406.0,stl,급증/급감,9.9404
내국인방문객수,20171014,36089.0,stl,급증/급감,5.1934
내국인방문객수,20171021,39877.0,stl,급증/급감,4.728
내국인방문객수,20171111,40617.0,stl,급증/급감,4.4452
내국인방문객수,20171129,27853.0,stl,급증/급감,4.7057
내국인방문객수,20171215,29430.0,stl,급증/급감,6.166
내국인방문객수,20171223,41469.0,stl,급증/급감,3.4453
내국인방문객수,20180101,34278.0,stl,급증/급감,3.81
내국인방문객수,20180105,31793.0,stl,급증/급감,5.0379
내국인방문객수,20180106,32578.0,stl,급증/급감,6.8084
내국인방문객수,20180110,29635.0,stl,급증/급감,4.1704
내국인방문객수,20180111,15762.0,iqr,극단치,0.5214
내국인방문객수,20180111,15762.0,iqr_log,극단치,1.5829
내국인방문객수,20180111,15762.0,stl,급증/급감,31.966
내국인방문객수,20180130,28840.0,stl,급증/급감,4.5791
내국인방문객수,20180204,25047.0,stl,급증/급감,6.9502
내국인방문객수,20180206,17850.0,iqr,극단치,0.2361
내국인방문객수,20180206,17850.0,iqr_log,극단치,1.0036
내국인방문객수,20180206,17850.0,stl,급증/급감,19.4174
내국인방문객수,20180208,23228.0,stl,급증/급감,8.0394
내국인방문객수,20180211,26536.0,stl,급증/급감,3.6263
내국인방문객수,20180212,26062.0,stl,급증/급감,4.1192
내국인방문객수,20180214,37289.0,stl,급증/급감,7.3487
내국인방문객수,20180215,41142.0,stl,급증/급감,8.3883
내국인방문객수,20180301,39433.0,stl,급증/급감,4.9332
내국인방문객수,20180303,27553.0,stl,급증/급감,9.0795
내국인방문객수,20180306,27479.0,stl,급증/급감,3.242
내국인방문객수,20180307,24124.0,stl,급증/급감,11.1008
내국인방문객수,20180308,29221.0,stl,급증/급감,4.4406
내국인방문객수,20180314,29232.0,stl,급증/급감,4.2537
내국인방문객수,20180403,39446.0,stl,급증/급감,3.3849
내국인방문객수,20180428,45689.0,stl,급증/급감,4.7463
내국인방문객수,20180429,42711.0,stl,급증/급감,6.2642
내국인방문객수,20180504,45985.0,stl,급증/급감,4.8489
내국인방문객수,20180505,49373.0,iqr,극단치,0.0703
내국인방문객수,20180505,49373.0,stl,급증/급감,9.1947
내국인방문객수,20180507,34292.0,stl,급증/급감,4.8817
내국인방문객수,20180521,33352.0,stl,급증/급감,9.3645
내국인방문객수,20180522,30608.0,stl,급증/급감,10.5678
내국인방문객수,20180627,34761.0,stl,급증/급감,4.9276
내국인방문객수,20180628,34456.0,stl,급증/급감,6.0087
내국인방문객수,20180629,31757.0,stl,급증/급감,8.573
내국인방문객수,20180630,29663.0,stl,급증/급감,9.5746
내국인방문객수,20180701,27975.0,stl,급증/급감,10.168
내국인방문객수,20180702,25817.0,stl,급증/급감,13.7664
내국인방문객수,20180703,23979.0,stl,급증/급감,13.9721
내국인방문객수,20180723,33428.0,stl,급증/급감,4.9378
내국인방문객수,20180727,43054.0,stl,급증/급감,6.2101
내국인방문객수,20180728,45785.0,stl,급증/급감,6.9452
내국인방문객수,20180729,46097.0,stl,급증/급감,6.4639
내국인방문객수,20180731,33773.0,stl,급증/급감,3.9843
내국인방문객수,20180801,45030.0,stl,급증/급감,4.8402
내국인방문객수,20180802,44541.0,stl,급증/급감,5.0988
내국인방문객수,20180821,34441.0,stl,급증/급감,3.6078
내국인방문객수,20180822,19199.0,iqr,극단치,0.0518
내국인방문객수,20180822,19199.0,iqr_log,극단치,0.6644
내국인방문객수,20180822,19199.0,stl,급증/급감,27.9343
내국인방문객수,20180823,0.0,iqr,극단치,2.6747
내국인방문객수,20180823,0.0,iqr_log,극단치,46.594
내국인방문객수,20180823,0.0,mzscore,극단치,6.3968
내국인방문객수,20180823,0.0,skewkurt,분포 왜곡,3.4526
내국인방문객수,20180823,0.0,stl,급증/급감,432.1651
내국인방문객수,20180823,0.0,zscore,극단치,5.2147
내국인방문객수,20180904,32068.0,stl,급증/급감,6.4053
내국인방문객수,20180911,35626.0,stl,급증/급감,5.2784
내국인방문객수,20180916,30286.0,stl,급증/급감,5.3694
내국인방문객수,20180918,25940.0,stl,급증/급감,17.859
내국인방문객수,20180919,25599.0,stl,급증/급감,9.997
내국인방문객수,20180921,39699.0,stl,급증/급감,7.0078
내국인방문객수,20180922,44641.0,stl,급증/급감,12.5519
내국인방문객수,20180923,44222.0,stl,급증/급감,12.0888
내국인방문객수,20180924,38394.0,stl,급증/급감,8.0946
내국인방문객수,20180926,40057.0,stl,급증/급감,9.3807
내국인방문객수,20181002,31507.0,stl,급증/급감,6.8079
내국인방문객수,20181004,27139.0,stl,급증/급감,9.8065
내국인방문객수,20181005,14929.0,iqr,극단치,0.6352
내국인방문객수,20181005,14929.0,iqr_log,극단치,1.8358
내국인방문객수,20181005,14929.0,mzscore,극단치,3.6194
내국인방문객수,20181005,14929.0,stl,급증/급감,35.5019
내국인방문객수,20181006,23671.0,stl,급증/급감,18.7715
내국인방문객수,20181008,33567.0,stl,급증/급감,4.7075
내국인방문객수,20181009,33773.0,stl,급증/급감,8.8835
내국인방문객수,20181226,35564.0,stl,급증/급감,6.4658
내국인방문객수,20190101,28147.0,stl,급증/급감,5.2067
내국인방문객수,20190102,33918.0,stl,급증/급감,4.248
내국인방문객수,20190105,32063.0,stl,급증/급감,5.5989
내국인방문객수,20190114,29897.0,stl,급증/급감,6.5073
내국인방문객수,20190130,25417.0,stl,급증/급감,10.1826
내국인방문객수,20190131,30914.0,stl,급증/급감,4.3512
내국인방문객수,20190202,40069.0,stl,급증/급감,5.6441
내국인방문객수,20190203,39827.0,stl,급증/급감,6.7337
내국인방문객수,20190204,28434.0,stl,급증/급감,7.6767
내국인방문객수,20190206,37461.0,stl,급증/급감,4.8595
내국인방문객수,20190301,42844.0,stl,급증/급감,3.5017
내국인방문객수,20190302,28495.0,stl,급증/급감,12.0441
내국인방문객수,20190303,29324.0,stl,급증/급감,7.9539
내국인방문객수,20190304,29067.0,stl,급증/급감,5.2694
내국인방문객수,20190305,26702.0,stl,급증/급감,4.8812
내국인방문객수,20190306,25856.0,stl,급증/급감,8.2299
내국인방문객수,20190313,28072.0,stl,급증/급감,5.1187
내국인방문객수,20190320,24898.0,stl,급증/급감,12.8281
내국인방문객수,20190321,38338.0,stl,급증/급감,3.3676
내국인방문객수,20190409,27880.0,stl,급증/급감,10.1296
내국인방문객수,20190410,40994.0,stl,급증/급감,3.7618
내국인방문객수,20190504,46775.0,stl,급증/급감,6.0919
내국인방문객수,20190506,33949.0,stl,급증/급감,4.2486
내국인방문객수,20190518,36703.0,stl,급증/급감,3.8512
내국인방문객수,20190527,33634.0,stl,급증/급감,6.4844
내국인방문객수,20190530,35452.0,stl,급증/급감,4.5414
내국인방문객수,20190606,46056.0,stl,급증/급감,4.7352
내국인방문객수,20190607,31943.0,stl,급증/급감,9.0345
내국인방문객수,20190608,34239.0,stl,급증/급감,8.2382
내국인방문객수,20190627,35451.0,stl,급증/급감,4.069
내국인방문객수,20190628,33781.0,stl,급증/급감,4.2932
내국인방문객수,20190629,31840.0,stl,급증/급감,7.1892
내국인방문객수,20190719,25622.0,stl,급증/급감,15.2032
내국인방문객수,20190720,26396.0,stl,급증/급감,17.7803
내국인방문객수,20190731,44793.0,stl,급증/급감,4.8233
내국인방문객수,20190801,46723.0,stl,급증/급감,4.8923
내국인방문객수,20190813,40501.0,stl,급증/급감,4.6871
내국인방문객수,20190814,41944.0,stl,급증/급감,5.6372
내국인방문객수,20190815,46163.0,stl,급증/급감,8.2465
내국인방문객수,20190818,40716.0,stl,급증/급감,5.0079
내국인방문객수,20190819,41976.0,stl,급증/급감,5.5984
내국인방문객수,20190824,41120.0,stl,급증/급감,4.554
내국인방문객수,20190825,40560.0,stl,급증/급감,5.8821
내국인방문객수,20190826,41852.0,stl,급증/급감,7.8161
내국인방문객수,20190903,28048.0,stl,급증/급감,12.3488
내국인방문객수,20190904,27846.0,stl,급증/급감,13.9228
내국인방문객수,20190905,26964.0,stl,급증/급감,14.3058
내국인방문객수,20190906,16626.0,iqr,극단치,0.4033
내국인방문객수,20190906,16626.0,iqr_log,극단치,1.3344
내국인방문객수,20190906,16626.0,stl,급증/급감,34.5309
내국인방문객수,20190907,9071.0,iqr,극단치,1.4355
내국인방문객수,20190907,9071.0,iqr_log,극단치,4.1557
내국인방문객수,20190907,9071.0,mzscore,극단치,4.7092
내국인방문객수,20190907,9071.0,stl,급증/급감,58.2919
내국인방문객수,20190907,9071.0,zscore,극단치,3.8123
내국인방문객수,20190908,30062.0,stl,급증/급감,7.2274
내국인방문객수,20190909,25878.0,stl,급증/급감,11.235
내국인방문객수,20190910,35124.0,stl,급증/급감,5.9544
내국인방문객수,20190912,47767.0,stl,급증/급감,7.0269
내국인방문객수,20190915,42380.0,stl,급증/급감,5.9915
내국인방문객수,20190916,39517.0,stl,급증/급감,7.0471
내국인방문객수,20190920,33743.0,stl,급증/급감,6.6342
내국인방문객수,20190921,28193.0,stl,급증/급감,12.4457
내국인방문객수,20190922,6636.0,iqr,극단치,1.7681
내국인방문객수,20190922,6636.0,iqr_log,극단치,5.6112
내국인방문객수,20190922,6636.0,mzscore,극단치,5.1622
내국인방문객수,20190922,6636.0,skewkurt,분포 왜곡,1.4375
내국인방문객수,20190922,6636.0,stl,급증/급감,72.2124
내국인방문객수,20190922,6636.0,zscore,극단치,4.1888
내국인방문객수,20190923,43555.0,stl,급증/급감,7.1098
내국인방문객수,20190930,34212.0,stl,급증/급감,4.7218
내국인방문객수,20191001,32610.0,stl,급증/급감,9.7145
내국인방문객수,20191002,11859.0,iqr,극단치,1.0546
내국인방문객수,20191002,11859.0,iqr_log,극단치,2.9078
내국인방문객수,20191002,11859.0,mzscore,극단치,4.1905
내국인방문객수,20191002,11859.0,stl,급증/급감,51.8897
내국인방문객수,20191002,11859.0,zscore,극단치,3.3813
내국인방문객수,20191010,37952.0,stl,급증/급감,4.3951
내국인방문객수,20191011,39351.0,stl,급증/급감,3.7773
내국인방문객수,20200103,34879.0,stl,급증/급감,3.1026
내국인방문객수,20200107,33861.0,stl,급증/급감,4.2613
내국인방문객수,20200120,30730.0,stl,급증/급감,5.0667
내국인방문객수,20200121,27057.0,stl,급증/급감,8.4143
내국인방문객수,20200124,43931.0,stl,급증/급감,6.427
내국인방문객수,20200126,36561.0,stl,급증/급감,6.99
내국인방문객수,20200127,34264.0,stl,급증/급감,10.1722
내국인방문객수,20200128,34980.0,stl,급증/급감,17.4529
내국인방문객수,20200129,30977.0,stl,급증/급감,13.8671
내국인방문객수,20200202,21748.0,iqr_log,극단치,0.0839
내국인방문객수,20200203,19209.0,iqr,극단치,0.0505
내국인방문객수,20200203,19209.0,iqr_log,극단치,0.6619
내국인방문객수,20200204,17633.0,iqr,극단치,0.2658
내국인방문객수,20200204,17633.0,iqr_log,극단치,1.0606
내국인방문객수,20200205,15873.0,iqr,극단치,0.5062
내국인방문객수,20200205,15873.0,iqr_log,극단치,1.5502
내국인방문객수,20200205,15873.0,stl,급증/급감,7.6311
내국인방문객수,20200206,17184.0,iqr,극단치,0.3271
내국인방문객수,20200206,17184.0,iqr_log,극단치,1.1807
내국인방문객수,20200206,17184.0,stl,급증/급감,14.0559
내국인방문객수,20200207,19213.0,iqr,극단치,0.0499
내국인방문객수,20200207,19213.0,iqr_log,극단치,0.661
내국인방문객수,20200207,19213.0,stl,급증/급감,10.8835
내국인방문객수,20200208,20488.0,iqr_log,극단치,0.3618
내국인방문객수,20200208,20488.0,stl,급증/급감,9.0605
내국인방문객수,20200209,18959.0,iqr,극단치,0.0846
내국인방문객수,20200209,18959.0,iqr_log,극단치,0.723
내국인방문객수,20200209,18959.0,stl,급증/급감,9.576
내국인방문객수,20200210,19074.0,iqr,극단치,0.0689
내국인방문객수,20200210,19074.0,iqr_log,극단치,0.6948
내국인방문객수,20200211,18922.0,iqr,극단치,0.0897
내국인방문객수,20200211,18922.0,iqr_log,극단치,0.732
내국인방문객수,20200212,18720.0,iqr,극단치,0.1173
내국인방문객수,20200212,18720.0,iqr_log,극단치,0.782
내국인방문객수,20200217,25105.0,stl,급증/급감,7.8033
내국인방문객수,20200218,27135.0,stl,급증/급감,14.3928
내국인방문객수,20200219,27247.0,stl,급증/급감,17.9524
내국인방문객수,20200220,29316.0,stl,급증/급감,14.8023
내국인방문객수,20200221,28754.0,stl,급증/급감,15.5991
내국인방문객수,20200222,23732.0,stl,급증/급감,8.2889
내국인방문객수,20200223,20508.0,iqr_log,극단치,0.3572
내국인방문객수,20200224,16379.0,iqr,극단치,0.4371
내국인방문객수,20200224,16379.0,iqr_log,극단치,1.4041
내국인방문객수,20200225,14567.0,iqr,극단치,0.6846
내국인방문객수,20200225,14567.0,iqr_log,극단치,1.9501
내국인방문객수,20200225,14567.0,mzscore,극단치,3.6867
내국인방문객수,20200226,13978.0,iqr,극단치,0.7651
내국인방문객수,20200226,13978.0,iqr_log,극단치,2.1423
내국인방문객수,20200226,13978.0,mzscore,극단치,3.7963
내국인방문객수,20200226,13978.0,zscore,극단치,3.0537
내국인방문객수,20200227,13318.0,iqr,극단치,0.8553
내국인방문객수,20200227,13318.0,iqr_log,극단치,2.3675
내국인방문객수,20200227,13318.0,mzscore,극단치,3.9191
내국인방문객수,20200227,13318.0,stl,급증/급감,9.6963
내국인방문객수,20200227,13318.0,zscore,극단치,3.1558
내국인방문객수,20200228,13932.0,iqr,극단치,0.7714
내국인방문객수,20200228,13932.0,iqr_log,극단치,2.1576
내국인방문객수,20200228,13932.0,mzscore,극단치,3.8049
내국인방문객수,20200228,13932.0,stl,급증/급감,10.4573
내국인방문객수,20200228,13932.0,zscore,극단치,3.0609
내국인방문객수,20200229,14855.0,iqr,극단치,0.6453
내국인방문객수,20200229,14855.0,iqr_log,극단치,1.8589
내국인방문객수,20200229,14855.0,mzscore,극단치,3.6331
내국인방문객수,20200229,14855.0,stl,급증/급감,7.0779
내국인방문객수,20200301,13402.0,iqr,극단치,0.8438
내국인방문객수,20200301,13402.0,iqr_log,극단치,2.3382
내국인방문객수,20200301,13402.0,mzscore,극단치,3.9035
내국인방문객수,20200301,13402.0,stl,급증/급감,11.4123
내국인방문객수,20200301,13402.0,zscore,극단치,3.1428
내국인방문객수,20200302,15628.0,iqr,극단치,0.5397
내국인방문객수,20200302,15628.0,iqr_log,극단치,1.6227
내국인방문객수,20200303,15325.0,iqr,극단치,0.5811
내국인방문객수,20200303,15325.0,iqr_log,극단치,1.7139
내국인방문객수,20200303,15325.0,mzscore,극단치,3.5457
내국인방문객수,20200304,14393.0,iqr,극단치,0.7084
내국인방문객수,20200304,14393.0,iqr_log,극단치,2.006
내국인방문객수,20200304,14393.0,mzscore,극단치,3.7191
내국인방문객수,20200305,15727.0,iqr,극단치,0.5262
내국인방문객수,20200305,15727.0,iqr_log,극단치,1.5933
내국인방문객수,20200306,16869.0,iqr,극단치,0.3702
내국인방문객수,20200306,16869.0,iqr_log,극단치,1.2669
내국인방문객수,20200307,16015.0,iqr,극단치,0.4868
내국인방문객수,20200307,16015.0,iqr_log,극단치,1.5088
내국인방문객수,20200308,13533.0,iqr,극단치,0.8259
내국인방문객수,20200308,13533.0,iqr_log,극단치,2.2929
내국인방문객수,20200308,13533.0,mzscore,극단치,3.8791
내국인방문객수,20200308,13533.0,stl,급증/급감,8.8009
내국인방문객수,20200308,13533.0,zscore,극단치,3.1225
내국인방문객수,20200309,15234.0,iqr,극단치,0.5935
내국인방문객수,20200309,15234.0,iqr_log,극단치,1.7416
내국인방문객수,20200309,15234.0,mzscore,극단치,3.5626
내국인방문객수,20200310,15637.0,iqr,극단치,0.5385
내국인방문객수,20200310,15637.0,iqr_log,극단치,1.62
내국인방문객수,20200311,17209.0,iqr,극단치,0.3237
내국인방문객수,20200311,17209.0,iqr_log,극단치,1.1739
내국인방문객수,20200311,17209.0,stl,급증/급감,5.6764
내국인방문객수,20200312,17600.0,iqr,극단치,0.2703
내국인방문객수,20200312,17600.0,iqr_log,극단치,1.0693
내국인방문객수,20200312,17600.0,stl,급증/급감,4.1107
내국인방문객수,20200313,17570.0,iqr,극단치,0.2744
내국인방문객수,20200313,17570.0,iqr_log,극단치,1.0773
내국인방문객수,20200314,16795.0,iqr,극단치,0.3803
내국인방문객수,20200314,16795.0,iqr_log,극단치,1.2873
내국인방문객수,20200315,15846.0,iqr,극단치,0.5099
내국인방문객수,20200315,15846.0,iqr_log,극단치,1.5582
내국인방문객수,20200316,16513.0,iqr,극단치,0.4188
내국인방문객수,20200316,16513.0,iqr_log,극단치,1.3662
내국인방문객수,20200317,16882.0,iqr,극단치,0.3684
내국인방문객수,20200317,16882.0,iqr_log,극단치,1.2633
내국인방문객수,20200318,16089.0,iqr,극단치,0.4767
내국인방문객수,20200318,16089.0,iqr_log,극단치,1.4873
내국인방문객수,20200319,16406.0,iqr,극단치,0.4334
내국인방문객수,20200319,16406.0,iqr_log,극단치,1.3964
내국인방문객수,20200320,17570.0,iqr,극단치,0.2744
내국인방문객수,20200320,17570.0,iqr_log,극단치,1.0773
내국인방문객수,20200321,17540.0,iqr,극단치,0.2785
내국인방문객수,20200321,17540.0,iqr_log,극단치,1.0852
내국인방문객수,20200322,16605.0,iqr,극단치,0.4062
내국인방문객수,20200322,16605.0,iqr_log,극단치,1.3403
내국인방문객수,20200323,14890.0,iqr,극단치,0.6405
내국인방문객수,20200323,14890.0,iqr_log,극단치,1.8479
내국인방문객수,20200323,14890.0,mzscore,극단치,3.6266
내국인방문객수,20200324,16887.0,iqr,극단치,0.3677
내국인방문객수,20200324,16887.0,iqr_log,극단치,1.2619
내국인방문객수,20200324,16887.0,stl,급증/급감,6.4486
내국인방문객수,20200325,13021.0,iqr,극단치,0.8958
내국인방문객수,20200325,13021.0,iqr_log,극단치,2.4725
내국인방문객수,20200325,13021.0,mzscore,극단치,3.9744
내국인방문객수,20200325,13021.0,stl,급증/급감,6.3257
내국인방문객수,20200325,13021.0,zscore,극단치,3.2017
내국인방문객수,20200326,13016.0,iqr,극단치,0.8965
내국인방문객수,20200326,13016.0,iqr_log,극단치,2.4743
내국인방문객수,20200326,13016.0,mzscore,극단치,3.9753
내국인방문객수,20200326,13016.0,zscore,극단치,3.2025
내국인방문객수,20200327,14653.0,iqr,극단치,0.6729
내국인방문객수,20200327,14653.0,iqr_log,극단치,1.9227
내국인방문객수,20200327,14653.0,mzscore,극단치,3.6707
내국인방문객수,20200328,15071.0,iqr,극단치,0.6158
내국인방문객수,20200328,15071.0,iqr_log,극단치,1.7917
내국인방문객수,20200328,15071.0,mzscore,극단치,3.593
내국인방문객수,20200329,13454.0,iqr,극단치,0.8367
내국인방문객수,20200329,13454.0,iqr_log,극단치,2.3202
내국인방문객수,20200329,13454.0,mzscore,극단치,3.8938
내국인방문객수,20200329,13454.0,zscore,극단치,3.1348
내국인방문객수,20200330,11640.0,iqr,극단치,1.0845
내국인방문객수,20200330,11640.0,iqr_log,극단치,2.9946
내국인방문객수,20200330,11640.0,mzscore,극단치,4.2313
내국인방문객수,20200330,11640.0,stl,급증/급감,4.3069
내국인방문객수,20200330,11640.0,zscore,극단치,3.4152
내국인방문객수,20200331,11950.0,iqr,극단치,1.0421
내국인방문객수,20200331,11950.0,iqr_log,극단치,2.8722
내국인방문객수,20200331,11950.0,mzscore,극단치,4.1736
내국인방문객수,20200331,11950.0,zscore,극단치,3.3673
내국인방문객수,20200401,14668.0,iqr,극단치,0.6708
내국인방문객수,20200401,14668.0,iqr_log,극단치,1.9179
내국인방문객수,20200401,14668.0,mzscore,극단치,3.6679
내국인방문객수,20200402,15454.0,iqr,극단치,0.5635
내국인방문객수,20200402,15454.0,iqr_log,극단치,1.6748
내국인방문객수,20200402,15454.0,mzscore,극단치,3.5217
내국인방문객수,20200402,15454.0,stl,급증/급감,7.7243
내국인방문객수,20200403,15223.0,iqr,극단치,0.595
내국인방문객수,20200403,15223.0,iqr_log,극단치,1.7449
내국인방문객수,20200403,15223.0,mzscore,극단치,3.5647
내국인방문객수,20200404,14490.0,iqr,극단치,0.6952
내국인방문객수,20200404,14490.0,iqr_log,극단치,1.9747
내국인방문객수,20200404,14490.0,mzscore,극단치,3.7011
내국인방문객수,20200405,11578.0,iqr,극단치,1.093
내국인방문객수,20200405,11578.0,iqr_log,극단치,3.0195
내국인방문객수,20200405,11578.0,mzscore,극단치,4.2428
내국인방문객수,20200405,11578.0,stl,급증/급감,5.9706
내국인방문객수,20200405,11578.0,zscore,극단치,3.4248
내국인방문객수,20200406,12840.0,iqr,극단치,0.9206
내국인방문객수,20200406,12840.0,iqr_log,극단치,2.5377
내국인방문객수,20200406,12840.0,mzscore,극단치,4.008
내국인방문객수,20200406,12840.0,zscore,극단치,3.2297
내국인방문객수,20200407,12363.0,iqr,극단치,0.9857
내국인방문객수,20200407,12363.0,iqr_log,극단치,2.714
내국인방문객수,20200407,12363.0,mzscore,극단치,4.0968
내국인방문객수,20200407,12363.0,zscore,극단치,3.3034
내국인방문객수,20200408,12630.0,iqr,극단치,0.9492
내국인방문객수,20200408,12630.0,iqr_log,극단치,2.6145
내국인방문객수,20200408,12630.0,mzscore,극단치,4.0471
내국인방문객수,20200408,12630.0,stl,급증/급감,8.131
내국인방문객수,20200408,12630.0,zscore,극단치,3.2621
내국인방문객수,20200409,13335.0,iqr,극단치,0.8529
내국인방문객수,20200409,13335.0,iqr_log,극단치,2.3616
내국인방문객수,20200409,13335.0,mzscore,극단치,3.9159
내국인방문객수,20200409,13335.0,zscore,극단치,3.1531
내국인방문객수,20200410,15695.0,iqr,극단치,0.5305
내국인방문객수,20200410,15695.0,iqr_log,극단치,1.6028
내국인방문객수,20200411,15711.0,iqr,극단치,0.5283
내국인방문객수,20200411,15711.0,iqr_log,극단치,1.598
내국인방문객수,20200412,14033.0,iqr,극단치,0.7576
내국인방문객수,20200412,14033.0,iqr_log,극단치,2.124
내국인방문객수,20200412,14033.0,mzscore,극단치,3.7861
내국인방문객수,20200412,14033.0,zscore,극단치,3.0452
내국인방문객수,20200413,13892.0,iqr,극단치,0.7768
내국인방문객수,20200413,13892.0,iqr_log,극단치,2.171
내국인방문객수,20200413,13892.0,mzscore,극단치,3.8123
내국인방문객수,20200413,13892.0,zscore,극단치,3.067
내국인방문객수,20200414,14618.0,iqr,극단치,0.6777
내국인방문객수,20200414,14618.0,iqr_log,극단치,1.9338
내국인방문객수,20200414,14618.0,mzscore,극단치,3.6772
내국인방문객수,20200415,16720.0,iqr,극단치,0.3905
내국인방문객수,20200415,16720.0,iqr_log,극단치,1.3082
내국인방문객수,20200416,14111.0,iqr,극단치,0.7469
내국인방문객수,20200416,14111.0,iqr_log,극단치,2.0982
내국인방문객수,20200416,14111.0,mzscore,극단치,3.7716
내국인방문객수,20200416,14111.0,zscore,극단치,3.0332
내국인방문객수,20200417,16355.0,iqr,극단치,0.4404
내국인방문객수,20200417,16355.0,iqr_log,극단치,1.4109
내국인방문객수,20200418,15902.0,iqr,극단치,0.5023
내국인방문객수,20200418,15902.0,iqr_log,극단치,1.5417
내국인방문객수,20200419,13603.0,iqr,극단치,0.8163
내국인방문객수,20200419,13603.0,iqr_log,극단치,2.2689
내국인방문객수,20200419,13603.0,mzscore,극단치,3.8661
내국인방문객수,20200419,13603.0,stl,급증/급감,4.2471
내국인방문객수,20200419,13603.0,zscore,극단치,3.1117
내국인방문객수,20200420,16414.0,iqr,극단치,0.4323
내국인방문객수,20200420,16414.0,iqr_log,극단치,1.3942
내국인방문객수,20200421,15563.0,iqr,극단치,0.5486
내국인방문객수,20200421,15563.0,iqr_log,극단치,1.6421
내국인방문객수,20200421,15563.0,mzscore,극단치,3.5014
내국인방문객수,20200422,16945.0,iqr,극단치,0.3598
내국인방문객수,20200422,16945.0,iqr_log,극단치,1.2459
내국인방문객수,20200423,18355.0,iqr,극단치,0.1671
내국인방문객수,20200423,18355.0,iqr_log,극단치,0.8737
내국인방문객수,20200423,18355.0,stl,급증/급감,7.9691
내국인방문객수,20200424,22211.0,stl,급증/급감,12.3356
내국인방문객수,20200425,21908.0,iqr_log,극단치,0.0497
내국인방문객수,20200425,21908.0,stl,급증/급감,10.3992
내국인방문객수,20200426,22626.0,stl,급증/급감,11.1879
내국인방문객수,20200427,23691.0,stl,급증/급감,3.8032
내국인방문객수,20200428,26080.0,stl,급증/급감,13.2836
내국인방문객수,20200429,36549.0,stl,급증/급감,23.2772
내국인방문객수,20200430,46759.0,stl,급증/급감,36.2218
내국인방문객수,20200501,32488.0,stl,급증/급감,20.6521
내국인방문객수,20200502,22625.0,stl,급증/급감,4.4768
내국인방문객수,20200503,20885.0,iqr_log,극단치,0.2724
내국인방문객수,20200504,17231.0,iqr,극단치,0.3207
내국인방문객수,20200504,17231.0,iqr_log,극단치,1.168
내국인방문객수,20200504,17231.0,stl,급증/급감,10.9634
내국인방문객수,20200505,19001.0,iqr,극단치,0.0789
내국인방문객수,20200505,19001.0,iqr_log,극단치,0.7126
내국인방문객수,20200506,20482.0,iqr_log,극단치,0.3631
내국인방문객수,20200507,20027.0,iqr_log,극단치,0.4678
내국인방문객수,20200508,18982.0,iqr,극단치,0.0815
내국인방문객수,20200508,18982.0,iqr_log,극단치,0.7173
내국인방문객수,20200509,20834.0,iqr_log,극단치,0.2838
내국인방문객수,20200510,26997.0,stl,급증/급감,8.927
내국인방문객수,20200512,24258.0,stl,급증/급감,5.9968
내국인방문객수,20200513,21379.0,iqr_log,극단치,0.1635
내국인방문객수,20200515,22043.0,iqr_log,극단치,0.0211
내국인방문객수,20200521,29824.0,stl,급증/급감,5.113
내국인방문객수,20200522,30613.0,stl,급증/급감,5.4933
내국인방문객수,20200606,30980.0,stl,급증/급감,3.3441
내국인방문객수,20200610,22266.0,stl,급증/급감,3.4451
내국인방문객수,20200618,30975.0,stl,급증/급감,4.5052
내국인방문객수,20200619,36600.0,stl,급증/급감,7.8832
내국인방문객수,20200620,35560.0,stl,급증/급감,8.0899
내국인방문객수,20200621,35552.0,stl,급증/급감,6.6379
내국인방문객수,20200623,25733.0,stl,급증/급감,4.5602
내국인방문객수,20200624,25304.0,stl,급증/급감,7.6322
내국인방문객수,20200629,25037.0,stl,급증/급감,9.288
내국인방문객수,20200727,26287.0,stl,급증/급감,9.7166
내국인방문객수,20200728,27732.0,stl,급증/급감,4.4052
내국인방문객수,20200731,42340.0,stl,급증/급감,5.6103
내국인방문객수,20200801,49219.0,iqr,극단치,0.0492
내국인방문객수,20200801,49219.0,stl,급증/급감,10.9699
내국인방문객수,20200802,47093.0,stl,급증/급감,8.1917
내국인방문객수,20200810,31856.0,stl,급증/급감,15.3607
내국인방문객수,20200813,44402.0,stl,급증/급감,3.9334
내국인방문객수,20200814,47288.0,stl,급증/급감,7.5414
내국인방문객수,20200815,49078.0,iqr,극단치,0.03
내국인방문객수,20200815,49078.0,stl,급증/급감,12.4033
내국인방문객수,20200816,43315.0,stl,급증/급감,6.8244
내국인방문객수,20200819,39223.0,stl,급증/급감,6.7075
내국인방문객수,20200824,31486.0,stl,급증/급감,11.2023
내국인방문객수,20200825,23752.0,stl,급증/급감,18.4938
내국인방문객수,20200827,29405.0,stl,급증/급감,8.7768
내국인방문객수,20200828,28621.0,stl,급증/급감,9.5378
내국인방문객수,20200829,24159.0,stl,급증/급감,9.973
내국인방문객수,20200830,22706.0,stl,급증/급감,7.7725
내국인방문객수,20200831,21004.0,iqr_log,극단치,0.2459
내국인방문객수,20200831,21004.0,stl,급증/급감,6.14
내국인방문객수,20200901,18993.0,iqr,극단치,0.08
내국인방문객수,20200901,18993.0,iqr_log,극단치,0.7146
내국인방문객수,20200901,18993.0,stl,급증/급감,5.3537
내국인방문객수,20200902,1349.0,iqr,극단치,2.4904
내국인방문객수,20200902,1349.0,iqr_log,극단치,13.0276
내국인방문객수,20200902,1349.0,mzscore,극단치,6.1458
내국인방문객수,20200902,1349.0,skewkurt,분포 왜곡,2.9326
내국인방문객수,20200902,1349.0,stl,급증/급감,106.8164
내국인방문객수,20200902,1349.0,zscore,극단치,5.0061
내국인방문객수,20200903,21237.0,iqr_log,극단치,0.1946
내국인방문객수,20200905,17984.0,iqr,극단치,0.2178
내국인방문객수,20200905,17984.0,iqr_log,극단치,0.9688
내국인방문객수,20200905,17984.0,stl,급증/급감,9.7841
내국인방문객수,20200906,14928.0,iqr,극단치,0.6353
내국인방문객수,20200906,14928.0,iqr_log,극단치,1.8361
내국인방문객수,20200906,14928.0,mzscore,극단치,3.6196
내국인방문객수,20200906,14928.0,stl,급증/급감,18.3242
내국인방문객수,20200907,8434.0,iqr,극단치,1.5225
내국인방문객수,20200907,8434.0,iqr_log,극단치,4.4948
내국인방문객수,20200907,8434.0,mzscore,극단치,4.8277
내국인방문객수,20200907,8434.0,skewkurt,분포 왜곡,1.0922
내국인방문객수,20200907,8434.0,stl,급증/급감,41.2664
내국인방문객수,20200907,8434.0,zscore,극단치,3.9108
내국인방문객수,20200909,25328.0,stl,급증/급감,6.6133
내국인방문객수,20200925,25478.0,stl,급증/급감,4.4245
내국인방문객수,20200929,34643.0,stl,급증/급감,14.5163
내국인방문객수,20200930,44294.0,stl,급증/급감,23.8342
내국인방문객수,20201001,36362.0,stl,급증/급감,9.9223
내국인방문객수,20201003,20899.0,iqr_log,극단치,0.2693
내국인방문객수,20201003,20899.0,stl,급증/급감,16.0512
내국인방문객수,20201007,30131.0,stl,급증/급감,4.8381
내국인방문객수,20201008,39728.0,stl,급증/급감,9.9823
내국인방문객수,20201009,42712.0,stl,급증/급감,9.9993
내국인방문객수,20201010,27156.0,stl,급증/급감,10.7732
내국인방문객수,20201127,31434.0,stl,급증/급감,5.7038
내국인방문객수,20201129,26762.0,stl,급증/급감,5.2439
내국인방문객수,20201130,24613.0,stl,급증/급감,4.2432
내국인방문객수,20201205,25885.0,stl,급증/급감,7.5134
내국인방문객수,20201208,21307.0,iqr_log,극단치,0.1793
내국인방문객수,20201209,21170.0,iqr_log,극단치,0.2093
내국인방문객수,20201212,24373.0,stl,급증/급감,9.0456
내국인방문객수,20201215,19425.0,iqr,극단치,0.021
내국인방문객수,20201215,19425.0,iqr_log,극단치,0.6099
내국인방문객수,20201216,19691.0,iqr_log,극단치,0.5465
내국인방문객수,20201217,21285.0,iqr_log,극단치,0.1841
내국인방문객수,20201218,18321.0,iqr,극단치,0.1718
내국인방문객수,20201218,18321.0,iqr_log,극단치,0.8824
내국인방문객수,20201218,18321.0,stl,급증/급감,10.7087
내국인방문객수,20201219,16876.0,iqr,극단치,0.3692
내국인방문객수,20201219,16876.0,iqr_log,극단치,1.2649
내국인방문객수,20201220,16688.0,iqr,극단치,0.3949
내국인방문객수,20201220,16688.0,iqr_log,극단치,1.3171
내국인방문객수,20201220,16688.0,stl,급증/급감,8.7353
내국인방문객수,20201221,16539.0,iqr,극단치,0.4152
내국인방문객수,20201221,16539.0,iqr_log,극단치,1.3589
내국인방문객수,20201221,16539.0,stl,급증/급감,5.6768
내국인방문객수,20201222,14828.0,iqr,극단치,0.649
내국인방문객수,20201222,14828.0,iqr_log,극단치,1.8674
내국인방문객수,20201222,14828.0,mzscore,극단치,3.6382
내국인방문객수,20201223,17382.0,iqr,극단치,0.3001
내국인방문객수,20201223,17382.0,iqr_log,극단치,1.1274
내국인방문객수,20201223,17382.0,stl,급증/급감,8.1661
내국인방문객수,20201224,21935.0,iqr_log,극단치,0.044
내국인방문객수,20201224,21935.0,stl,급증/급감,15.6465
내국인방문객수,20201225,18996.0,iqr,극단치,0.0796
내국인방문객수,20201225,18996.0,iqr_log,극단치,0.7139
내국인방문객수,20201225,18996.0,stl,급증/급감,6.0633
내국인방문객수,20201226,11349.0,iqr,극단치,1.1242
내국인방문객수,20201226,11349.0,iqr_log,극단치,3.1125
내국인방문객수,20201226,11349.0,mzscore,극단치,4.2854
내국인방문객수,20201226,11349.0,zscore,극단치,3.4602
내국인방문객수,20201227,14043.0,iqr,극단치,0.7562
내국인방문객수,20201227,14043.0,iqr_log,극단치,2.1207
내국인방문객수,20201227,14043.0,mzscore,극단치,3.7842
내국인방문객수,20201227,14043.0,zscore,극단치,3.0437
내국인방문객수,20201228,14137.0,iqr,극단치,0.7434
내국인방문객수,20201228,14137.0,iqr_log,극단치,2.0896
내국인방문객수,20201228,14137.0,mzscore,극단치,3.7667
내국인방문객수,20201228,14137.0,zscore,극단치,3.0292
내국인방문객수,20201229,13646.0,iqr,극단치,0.8105
내국인방문객수,20201229,13646.0,iqr_log,극단치,2.2542
내국인방문객수,20201229,13646.0,mzscore,극단치,3.8581
내국인방문객수,20201229,13646.0,stl,급증/급감,5.4987
내국인방문객수,20201229,13646.0,zscore,극단치,3.1051
내국인방문객수,20201230,11706.0,iqr,극단치,1.0755
내국인방문객수,20201230,11706.0,iqr_log,극단치,2.9683
내국인방문객수,20201230,11706.0,mzscore,극단치,4.219
내국인방문객수,20201230,11706.0,zscore,극단치,3.405
내국인방문객수,20201231,21308.0,iqr_log,극단치,0.179
내국인방문객수,20201231,21308.0,stl,급증/급감,22.1798
내국인방문객수,20210101,15261.0,iqr,극단치,0.5898
내국인방문객수,20210101,15261.0,iqr_log,극단치,1.7333
내국인방문객수,20210101,15261.0,mzscore,극단치,3.5576
내국인방문객수,20210101,15261.0,stl,급증/급감,5.232
내국인방문객수,20210102,9412.0,iqr,극단치,1.3889
내국인방문객수,20210102,9412.0,iqr_log,극단치,3.9839
내국인방문객수,20210102,9412.0,mzscore,극단치,4.6458
내국인방문객수,20210102,9412.0,stl,급증/급감,4.9378
내국인방문객수,20210102,9412.0,zscore,극단치,3.7596
내국인방문객수,20210103,12135.0,iqr,극단치,1.0169
내국인방문객수,20210103,12135.0,iqr_log,극단치,2.8007
내국인방문객수,20210103,12135.0,mzscore,극단치,4.1392
내국인방문객수,20210103,12135.0,zscore,극단치,3.3387
내국인방문객수,20210104,11833.0,iqr,극단치,1.0581
내국인방문객수,20210104,11833.0,iqr_log,극단치,2.918
내국인방문객수,20210104,11833.0,mzscore,극단치,4.1954
내국인방문객수,20210104,11833.0,zscore,극단치,3.3854
내국인방문객수,20210105,10939.0,iqr,극단치,1.1803
내국인방문객수,20210105,10939.0,iqr_log,극단치,3.2838
내국인방문객수,20210105,10939.0,mzscore,극단치,4.3617
내국인방문객수,20210105,10939.0,zscore,극단치,3.5236
내국인방문객수,20210106,11150.0,iqr,극단치,1.1514
내국인방문객수,20210106,11150.0,iqr_log,극단치,3.1949
내국인방문객수,20210106,11150.0,mzscore,극단치,4.3224
내국인방문객수,20210106,11150.0,zscore,극단치,3.4909
내국인방문객수,20210107,2866.0,iqr,극단치,2.2831
내국인방문객수,20210107,2866.0,iqr_log,극단치,9.5202
내국인방문객수,20210107,2866.0,mzscore,극단치,5.8636
내국인방문객수,20210107,2866.0,skewkurt,분포 왜곡,2.4205
내국인방문객수,20210107,2866.0,stl,급증/급감,56.8215
내국인방문객수,20210107,2866.0,zscore,극단치,4.7716
내국인방문객수,20210108,485.0,iqr,극단치,2.6084
내국인방문객수,20210108,485.0,iqr_log,극단치,17.7853
내국인방문객수,20210108,485.0,mzscore,극단치,6.3066
내국인방문객수,20210108,485.0,skewkurt,분포 왜곡,3.2583
내국인방문객수,20210108,485.0,stl,급증/급감,136.7238
내국인방문객수,20210108,485.0,zscore,극단치,5.1397
내국인방문객수,20210109,11466.0,iqr,극단치,1.1083
내국인방문객수,20210109,11466.0,iqr_log,극단치,3.0647
내국인방문객수,20210109,11466.0,mzscore,극단치,4.2636
내국인방문객수,20210109,11466.0,zscore,극단치,3.4421
내국인방문객수,20210110,12117.0,iqr,극단치,1.0193
내국인방문객수,20210110,12117.0,iqr_log,극단치,2.8076
내국인방문객수,20210110,12117.0,mzscore,극단치,4.1425
내국인방문객수,20210110,12117.0,stl,급증/급감,8.3041
내국인방문객수,20210110,12117.0,zscore,극단치,3.3414
내국인방문객수,20210111,12845.0,iqr,극단치,0.9199
내국인방문객수,20210111,12845.0,iqr_log,극단치,2.5359
내국인방문객수,20210111,12845.0,mzscore,극단치,4.0071
내국인방문객수,20210111,12845.0,stl,급증/급감,5.9779
내국인방문객수,20210111,12845.0,zscore,극단치,3.2289
내국인방문객수,20210112,13418.0,iqr,극단치,0.8416
내국인방문객수,20210112,13418.0,iqr_log,극단치,2.3327
내국인방문객수,20210112,13418.0,mzscore,극단치,3.9005
내국인방문객수,20210112,13418.0,zscore,극단치,3.1403
내국인방문객수,20210113,14249.0,iqr,극단치,0.7281
내국인방문객수,20210113,14249.0,iqr_log,극단치,2.0528
내국인방문객수,20210113,14249.0,mzscore,극단치,3.7459
내국인방문객수,20210113,14249.0,zscore,극단치,3.0118
내국인방문객수,20210114,15422.0,iqr,극단치,0.5678
내국인방문객수,20210114,15422.0,iqr_log,극단치,1.6845
내국인방문객수,20210114,15422.0,mzscore,극단치,3.5277
내국인방문객수,20210115,17894.0,iqr,극단치,0.2301
내국인방문객수,20210115,17894.0,iqr_log,극단치,0.9922
내국인방문객수,20210116,16580.0,iqr,극단치,0.4096
내국인방문객수,20210116,16580.0,iqr_log,극단치,1.3473
내국인방문객수,20210117,17980.0,iqr,극단치,0.2184
내국인방문객수,20210117,17980.0,iqr_log,극단치,0.9698
내국인방문객수,20210118,16120.0,iqr,극단치,0.4725
내국인방문객수,20210118,16120.0,iqr_log,극단치,1.4783
내국인방문객수,20210119,15747.0,iqr,극단치,0.5234
내국인방문객수,20210119,15747.0,iqr_log,극단치,1.5874
내국인방문객수,20210120,15981.0,iqr,극단치,0.4915
내국인방문객수,20210120,15981.0,iqr_log,극단치,1.5187
내국인방문객수,20210121,16565.0,iqr,극단치,0.4117
내국인방문객수,20210121,16565.0,iqr_log,극단치,1.3515
내국인방문객수,20210122,19863.0,iqr_log,극단치,0.506
내국인방문객수,20210123,18582.0,iqr,극단치,0.1361
내국인방문객수,20210123,18582.0,iqr_log,극단치,0.8165
내국인방문객수,20210124,20079.0,iqr_log,극단치,0.4557
내국인방문객수,20210125,18377.0,iqr,극단치,0.1641
내국인방문객수,20210125,18377.0,iqr_log,극단치,0.8681
내국인방문객수,20210126,17840.0,iqr,극단치,0.2375
내국인방문객수,20210126,17840.0,iqr_log,극단치,1.0062
내국인방문객수,20210127,18641.0,iqr,극단치,0.1281
내국인방문객수,20210127,18641.0,iqr_log,극단치,0.8017
내국인방문객수,20210128,16792.0,iqr,극단치,0.3807
내국인방문객수,20210128,16792.0,iqr_log,극단치,1.2882
내국인방문객수,20210128,16792.0,stl,급증/급감,5.6655
내국인방문객수,20210131,20858.0,iqr_log,극단치,0.2784
내국인방문객수,20210201,20142.0,iqr_log,극단치,0.4411
내국인방문객수,20210202,19416.0,iqr,극단치,0.0222
내국인방문객수,20210202,19416.0,iqr_log,극단치,0.612
내국인방문객수,20210203,19678.0,iqr_log,극단치,0.5496
내국인방문객수,20210204,21127.0,iqr_log,극단치,0.2188
내국인방문객수,20210208,20742.0,iqr_log,극단치,0.3044
내국인방문객수,20210209,22084.0,iqr_log,극단치,0.0125
내국인방문객수,20210210,31350.0,stl,급증/급감,15.7196
내국인방문객수,20210211,36133.0,stl,급증/급감,19.1049
내국인방문객수,20210214,31902.0,stl,급증/급감,5.4111
내국인방문객수,20210215,29557.0,stl,급증/급감,4.7084
내국인방문객수,20210217,23148.0,stl,급증/급감,5.82
내국인방문객수,20210227,36001.0,stl,급증/급감,6.7555
내국인방문객수,20210228,26314.0,stl,급증/급감,6.2065
내국인방문객수,20210301,22212.0,stl,급증/급감,9.0378
내국인방문객수,20210303,20917.0,iqr_log,극단치,0.2653
내국인방문객수,20210303,20917.0,stl,급증/급감,4.4992
내국인방문객수,20210304,22033.0,iqr_log,극단치,0.0232
내국인방문객수,20210304,22033.0,stl,급증/급감,4.7427
내국인방문객수,20210324,30959.0,stl,급증/급감,3.3418
내국인방문객수,20210330,26144.0,stl,급증/급감,4.4067
내국인방문객수,20210403,31898.0,stl,급증/급감,4.2813
내국인방문객수,20210412,29381.0,stl,급증/급감,7.5288
내국인방문객수,20210501,43943.0,stl,급증/급감,5.8901
내국인방문객수,20210503,30320.0,stl,급증/급감,6.8307
내국인방문객수,20210504,23754.0,stl,급증/급감,11.8111
내국인방문객수,20210505,45427.0,stl,급증/급감,14.0186
내국인방문객수,20210507,34053.0,stl,급증/급감,6.1055
내국인방문객수,20210508,32012.0,stl,급증/급감,7.6115
내국인방문객수,20210516,34449.0,stl,급증/급감,4.1149
내국인방문객수,20210517,31917.0,stl,급증/급감,5.5086
내국인방문객수,20210518,35756.0,stl,급증/급감,4.4465
내국인방문객수,20210519,40005.0,stl,급증/급감,8.8374
내국인방문객수,20210520,34433.0,stl,급증/급감,3.9671
내국인방문객수,20210530,34574.0,stl,급증/급감,4.0457
내국인방문객수,20210531,31901.0,stl,급증/급감,5.2813
내국인방문객수,20210622,37516.0,stl,급증/급감,3.8072
내국인방문객수,20210703,32820.0,stl,급증/급감,4.812
내국인방문객수,20210730,42616.0,stl,급증/급감,5.9109
내국인방문객수,20210731,46728.0,stl,급증/급감,9.1126
내국인방문객수,20210801,44137.0,stl,급증/급감,8.2607
내국인방문객수,20210802,38372.0,stl,급증/급감,4.9078
내국인방문객수,20210803,34699.0,stl,급증/급감,4.3588
내국인방문객수,20210814,42083.0,stl,급증/급감,5.912
내국인방문객수,20210818,27032.0,stl,급증/급감,7.2352
내국인방문객수,20210819,26510.0,stl,급증/급감,8.3021
내국인방문객수,20210820,27721.0,stl,급증/급감,8.4703
내국인방문객수,20210821,25248.0,stl,급증/급감,9.698
내국인방문객수,20210823,20204.0,iqr_log,극단치,0.4268
내국인방문객수,20210823,20204.0,stl,급증/급감,11.4449
내국인방문객수,20210824,21369.0,iqr_log,극단치,0.1657
내국인방문객수,20210829,30910.0,stl,급증/급감,3.3172
내국인방문객수,20210902,25360.0,stl,급증/급감,3.0983
내국인방문객수,20210907,21623.0,iqr_log,극단치,0.1107
내국인방문객수,20210913,20095.0,iqr_log,극단치,0.452
내국인방문객수,20210913,20095.0,stl,급증/급감,9.7821
내국인방문객수,20210914,14262.0,iqr,극단치,0.7263
내국인방문객수,20210914,14262.0,iqr_log,극단치,2.0486
내국인방문객수,20210914,14262.0,mzscore,극단치,3.7435
내국인방문객수,20210914,14262.0,stl,급증/급감,17.0705
내국인방문객수,20210914,14262.0,zscore,극단치,3.0098
내국인방문객수,20210915,16663.0,iqr,극단치,0.3983
내국인방문객수,20210915,16663.0,iqr_log,극단치,1.3241
내국인방문객수,20210915,16663.0,stl,급증/급감,15.7427
내국인방문객수,20210916,21138.0,iqr_log,극단치,0.2163
내국인방문객수,20210916,21138.0,stl,급증/급감,13.3734
내국인방문객수,20210918,50400.0,iqr,극단치,0.2106
내국인방문객수,20210918,50400.0,stl,급증/급감,13.5291
내국인방문객수,20210919,47875.0,stl,급증/급감,16.3672
내국인방문객수,20210920,36648.0,stl,급증/급감,6.8398
내국인방문객수,20210921,33233.0,stl,급증/급감,9.4344
내국인방문객수,20210922,44463.0,stl,급증/급감,17.9946
내국인방문객수,20210924,34185.0,stl,급증/급감,8.0556
내국인방문객수,20210925,32402.0,stl,급증/급감,10.1492
내국인방문객수,20211016,37251.0,stl,급증/급감,6.2362
내국인방문객수,20211031,36854.0,stl,급증/급감,3.5062
내국인방문객수,20211130,29901.0,stl,급증/급감,5.9711
내국인방문객수,20211227,39472.0,stl,급증/급감,7.3894
내국인방문객수,20211228,36086.0,stl,급증/급감,8.1007
내국인방문객수,20211229,38874.0,stl,급증/급감,9.6376
내국인방문객수,20211230,41023.0,stl,급증/급감,7.0269
내국인방문객수,20211231,41492.0,stl,급증/급감,4.9351
내국인방문객수,20220101,29409.0,stl,급증/급감,8.353
내국인방문객수,20220102,32680.0,stl,급증/급감,6.457
내국인방문객수,20220128,40278.0,stl,급증/급감,5.5736
내국인방문객수,20220129,47711.0,stl,급증/급감,13.1027
내국인방문객수,20220130,44231.0,stl,급증/급감,8.2355
내국인방문객수,20220131,33073.0,stl,급증/급감,4.9221
내국인방문객수,20220202,42565.0,stl,급증/급감,8.2423
내국인방문객수,20220205,32388.0,stl,급증/급감,4.5037
내국인방문객수,20220226,43609.0,stl,급증/급감,5.317
내국인방문객수,20220227,33707.0,stl,급증/급감,3.9688
내국인방문객수,20220228,25784.0,stl,급증/급감,12.6445
내국인방문객수,20220301,23543.0,stl,급증/급감,8.1819
내국인방문객수,20220302,24029.0,stl,급증/급감,4.5851
내국인방문객수,20220303,23351.0,stl,급증/급감,7.4619
내국인방문객수,20220307,23213.0,stl,급증/급감,7.3465
내국인방문객수,20220309,28550.0,stl,급증/급감,5.1504
내국인방문객수,20220310,24739.0,stl,급증/급감,4.2257
내국인방문객수,20220325,18957.0,iqr,극단치,0.0849
내국인방문객수,20220325,18957.0,iqr_log,극단치,0.7234
내국인방문객수,20220325,18957.0,stl,급증/급감,26.2364
내국인방문객수,20220326,40196.0,stl,급증/급감,8.1534
내국인방문객수,20220329,25935.0,stl,급증/급감,6.0122
내국인방문객수,20220330,26157.0,stl,급증/급감,8.2084
내국인방문객수,20220504,43756.0,stl,급증/급감,4.9989
내국인방문객수,20220505,47728.0,stl,급증/급감,5.595
내국인방문객수,20220506,35324.0,stl,급증/급감,7.914
내국인방문객수,20220507,32301.0,stl,급증/급감,10.9644
내국인방문객수,20220508,38348.0,stl,급증/급감,3.5977
내국인방문객수,20220601,46508.0,stl,급증/급감,4.4279
내국인방문객수,20220604,49251.0,iqr,극단치,0.0536
내국인방문객수,20220604,49251.0,stl,급증/급감,4.1498
내국인방문객수,20220605,39927.0,stl,급증/급감,3.0027
내국인방문객수,20220730,48347.0,stl,급증/급감,3.8557
내국인방문객수,20220811,44934.0,stl,급증/급감,4.2151
내국인방문객수,20220812,46587.0,stl,급증/급감,5.4915
내국인방문객수,20220813,49429.0,iqr,극단치,0.0779
내국인방문객수,20220813,49429.0,stl,급증/급감,8.0586
내국인방문객수,20220830,30932.0,stl,급증/급감,7.7546
내국인방문객수,20220831,33294.0,stl,급증/급감,5.6751
내국인방문객수,20220902,24734.0,stl,급증/급감,17.6968
내국인방문객수,20220903,16219.0,iqr,극단치,0.4589
내국인방문객수,20220903,16219.0,iqr_log,극단치,1.4498
내국인방문객수,20220903,16219.0,stl,급증/급감,38.0637
내국인방문객수,20220904,14236.0,iqr,극단치,0.7298
내국인방문객수,20220904,14236.0,iqr_log,극단치,2.0571
내국인방문객수,20220904,14236.0,mzscore,극단치,3.7483
내국인방문객수,20220904,14236.0,stl,급증/급감,41.6559
내국인방문객수,20220904,14236.0,zscore,극단치,3.0139
내국인방문객수,20220905,2106.0,iqr,극단치,2.387
내국인방문객수,20220905,2106.0,iqr_log,극단치,10.9545
내국인방문객수,20220905,2106.0,mzscore,극단치,6.005
내국인방문객수,20220905,2106.0,skewkurt,분포 왜곡,2.6678
내국인방문객수,20220905,2106.0,stl,급증/급감,121.6302
내국인방문객수,20220905,2106.0,zscore,극단치,4.8891
내국인방문객수,20220906,12252.0,iqr,극단치,1.0009
내국인방문객수,20220906,12252.0,iqr_log,극단치,2.756
내국인방문객수,20220906,12252.0,mzscore,극단치,4.1174
내국인방문객수,20220906,12252.0,stl,급증/급감,44.8901
내국인방문객수,20220906,12252.0,zscore,극단치,3.3206
내국인방문객수,20220908,47151.0,stl,급증/급감,10.6403
내국인방문객수,20220909,51145.0,iqr,극단치,0.3124
내국인방문객수,20220909,51145.0,stl,급증/급감,11.5867
내국인방문객수,20220914,34155.0,stl,급증/급감,4.122
내국인방문객수,20220917,36081.0,stl,급증/급감,8.3419
내국인방문객수,20220918,35608.0,stl,급증/급감,5.995
내국인방문객수,20220919,36797.0,stl,급증/급감,6.6316
내국인방문객수,20220924,43380.0,stl,급증/급감,4.31
내국인방문객수,20221002,39626.0,stl,급증/급감,3.8801
내국인방문객수,20221003,38059.0,stl,급증/급감,5.3143
내국인방문객수,20221004,35981.0,stl,급증/급감,4.5126
내국인방문객수,20221030,36225.0,stl,급증/급감,4.0174
내국인방문객수,20221031,36919.0,stl,급증/급감,3.9235
내국인방문객수,20221129,27180.0,stl,급증/급감,6.2531
내국인방문객수,20221130,30911.0,stl,급증/급감,4.0012
내국인방문객수,20221217,29938.0,stl,급증/급감,5.158
내국인방문객수,20221218,27634.0,stl,급증/급감,7.3751
내국인방문객수,20221221,30298.0,stl,급증/급감,4.6495
내국인방문객수,20221222,11580.0,iqr,극단치,1.0927
내국인방문객수,20221222,11580.0,iqr_log,극단치,3.0186
내국인방문객수,20221222,11580.0,mzscore,극단치,4.2424
내국인방문객수,20221222,11580.0,stl,급증/급감,46.6709
내국인방문객수,20221222,11580.0,zscore,극단치,3.4245
내국인방문객수,20221223,241.0,iqr,극단치,2.6417
내국인방문객수,20221223,241.0,iqr_log,극단치,21.0324
내국인방문객수,20221223,241.0,mzscore,극단치,6.352
내국인방문객수,20221223,241.0,skewkurt,분포 왜곡,3.355
내국인방문객수,20221223,241.0,stl,급증/급감,206.5747
내국인방문객수,20221223,241.0,zscore,극단치,5.1774
내국인방문객수,20221231,33025.0,stl,급증/급감,3.4853
내국인방문객수,20230101,29564.0,stl,급증/급감,7.4859
내국인방문객수,20230102,32410.0,stl,급증/급감,5.5525
내국인방문객수,20230110,35888.0,stl,급증/급감,4.9679
내국인방문객수,20230113,29951.0,stl,급증/급감,4.2824
내국인방문객수,20230118,28723.0,stl,급증/급감,5.2019
내국인방문객수,20230120,39666.0,stl,급증/급감,6.9693
내국인방문객수,20230121,42282.0,stl,급증/급감,9.7592
내국인방문객수,20230124,765.0,iqr,극단치,2.5702
내국인방문객수,20230124,765.0,iqr_log,극단치,15.6665
내국인방문객수,20230124,765.0,mzscore,극단치,6.2545
내국인방문객수,20230124,765.0,skewkurt,분포 왜곡,3.1499
내국인방문객수,20230124,765.0,stl,급증/급감,153.8808
내국인방문객수,20230124,765.0,zscore,극단치,5.0964
내국인방문객수,20230125,43341.0,stl,급증/급감,8.4228
내국인방문객수,20230127,29145.0,stl,급증/급감,7.9127
내국인방문객수,20230302,28746.0,stl,급증/급감,6.1711
내국인방문객수,20230303,31060.0,stl,급증/급감,4.6096
내국인방문객수,20230304,29916.0,stl,급증/급감,4.4984
내국인방문객수,20230404,30173.0,stl,급증/급감,4.9694
내국인방문객수,20230405,20817.0,iqr_log,극단치,0.2876
내국인방문객수,20230405,20817.0,stl,급증/급감,22.4221
내국인방문객수,20230418,24768.0,stl,급증/급감,14.5182
내국인방문객수,20230502,34189.0,stl,급증/급감,4.1119
내국인방문객수,20230503,35249.0,stl,급증/급감,5.5383
내국인방문객수,20230504,19739.0,iqr_log,극단치,0.5352
내국인방문객수,20230504,19739.0,stl,급증/급감,28.8951
내국인방문객수,20230505,26907.0,stl,급증/급감,17.3008
내국인방문객수,20230506,31856.0,stl,급증/급감,8.5556
내국인방문객수,20230507,26859.0,stl,급증/급감,12.9682
내국인방문객수,20230603,46530.0,stl,급증/급감,4.4187
내국인방문객수,20230604,41180.0,stl,급증/급감,4.1429
내국인방문객수,20230605,33571.0,stl,급증/급감,4.9833
내국인방문객수,20230608,34534.0,stl,급증/급감,5.0018
내국인방문객수,20230609,36554.0,stl,급증/급감,4.2455
내국인방문객수,20230610,35212.0,stl,급증/급감,6.2054
내국인방문객수,20230718,29414.0,stl,급증/급감,4.4713
내국인방문객수,20230727,40471.0,stl,급증/급감,4.6374
내국인방문객수,20230728,40938.0,stl,급증/급감,8.1042
내국인방문객수,20230729,43925.0,stl,급증/급감,8.5852
내국인방문객수,20230730,43082.0,stl,급증/급감,7.1455
내국인방문객수,20230731,42095.0,stl,급증/급감,5.1657
내국인방문객수,20230801,41569.0,stl,급증/급감,5.6831
내국인방문객수,20230809,21289.0,iqr_log,극단치,0.1832
내국인방문객수,20230809,21289.0,stl,급증/급감,23.637
내국인방문객수,20230810,17709.0,iqr,극단치,0.2554
내국인방문객수,20230810,17709.0,iqr_log,극단치,1.0406
내국인방문객수,20230810,17709.0,stl,급증/급감,28.7936
내국인방문객수,20230811,41931.0,stl,급증/급감,7.7392
내국인방문객수,20230812,43914.0,stl,급증/급감,9.3651
내국인방문객수,20230813,40285.0,stl,급증/급감,5.466
내국인방문객수,20230815,36969.0,stl,급증/급감,4.6879
내국인방문객수,20230830,29927.0,stl,급증/급감,4.0619
내국인방문객수,20230919,30003.0,stl,급증/급감,4.4075
내국인방문객수,20230922,32197.0,stl,급증/급감,3.7093
내국인방문객수,20230924,27928.0,stl,급증/급감,5.9504
내국인방문객수,20230925,28256.0,stl,급증/급감,5.6271
내국인방문객수,20230927,43473.0,stl,급증/급감,9.584
내국인방문객수,20230928,45899.0,stl,급증/급감,11.5604
내국인방문객수,20230929,45734.0,stl,급증/급감,6.0821
내국인방문객수,20230930,45744.0,stl,급증/급감,9.0174
내국인방문객수,20231001,41131.0,stl,급증/급감,4.92
내국인방문객수,20231003,33117.0,stl,급증/급감,6.2582
내국인방문객수,20231004,30233.0,stl,급증/급감,8.0172
내국인방문객수,20231005,29442.0,stl,급증/급감,7.4754
내국인방문객수,20231007,45011.0,stl,급증/급감,9.8164
내국인방문객수,20231016,39027.0,stl,급증/급감,3.6538
내국인방문객수,20231216,29074.0,stl,급증/급감,7.6385
내국인방문객수,20231221,19765.0,iqr_log,극단치,0.5291
내국인방문객수,20231221,19765.0,stl,급증/급감,22.5959
내국인방문객수,20231222,15558.0,iqr,극단치,0.5492
내국인방문객수,20231222,15558.0,iqr_log,극단치,1.6436
내국인방문객수,20231222,15558.0,mzscore,극단치,3.5024
내국인방문객수,20231222,15558.0,stl,급증/급감,29.5824
내국인방문객수,20231223,41914.0,stl,급증/급감,4.5259
내국인방문객수,20231226,35579.0,stl,급증/급감,6.1967
내국인방문객수,20231227,35014.0,stl,급증/급감,6.1081
내국인방문객수,20231229,36906.0,stl,급증/급감,6.206
내국인방문객수,20240104,30314.0,stl,급증/급감,4.7983
내국인방문객수,20240106,31914.0,stl,급증/급감,5.3996
내국인방문객수,20240123,1668.0,iqr,극단치,2.4468
내국인방문객수,20240123,1668.0,iqr_log,극단치,12.0397
내국인방문객수,20240123,1668.0,mzscore,극단치,6.0865
내국인방문객수,20240123,1668.0,skewkurt,분포 왜곡,2.8187
내국인방문객수,20240123,1668.0,stl,급증/급감,121.4276
내국인방문객수,20240123,1668.0,zscore,극단치,4.9568
내국인방문객수,20240127,35903.0,stl,급증/급감,4.4959
내국인방문객수,20240204,28212.0,stl,급증/급감,5.0605
내국인방문객수,20240205,27078.0,stl,급증/급감,8.0687
내국인방문객수,20240206,27710.0,stl,급증/급감,6.2067
내국인방문객수,20240208,37271.0,stl,급증/급감,4.1329
내국인방문객수,20240209,40532.0,stl,급증/급감,7.476
내국인방문객수,20240214,34480.0,stl,급증/급감,4.1652
내국인방문객수,20240218,29824.0,stl,급증/급감,5.0489
내국인방문객수,20240219,18501.0,iqr,극단치,0.1472
내국인방문객수,20240219,18501.0,iqr_log,극단치,0.8368
내국인방문객수,20240219,18501.0,stl,급증/급감,25.6205
내국인방문객수,20240228,35152.0,stl,급증/급감,8.5733
내국인방문객수,20240229,37680.0,stl,급증/급감,8.6001
내국인방문객수,20240301,37766.0,stl,급증/급감,8.2202
내국인방문객수,20240304,23194.0,stl,급증/급감,6.0034
내국인방문객수,20240305,21151.0,iqr_log,극단치,0.2135
내국인방문객수,20240305,21151.0,stl,급증/급감,9.9747
내국인방문객수,20240312,24324.0,stl,급증/급감,5.7042
내국인방문객수,20240503,39767.0,stl,급증/급감,3.3689
내국인방문객수,20240504,42287.0,stl,급증/급감,5.9094
내국인방문객수,20240505,26699.0,stl,급증/급감,9.6955
내국인방문객수,20240605,39653.0,stl,급증/급감,3.6134
내국인방문객수,20240606,44091.0,stl,급증/급감,8.1971
내국인방문객수,20240608,31751.0,stl,급증/급감,4.9673
내국인방문객수,20240629,26748.0,stl,급증/급감,6.5175
내국인방문객수,20240630,27447.0,stl,급증/급감,5.284
내국인방문객수,20240701,26970.0,stl,급증/급감,5.3133
내국인방문객수,20240702,23608.0,stl,급증/급감,9.4834
내국인방문객수,20240709,24407.0,stl,급증/급감,6.9911
내국인방문객수,20240731,41123.0,stl,급증/급감,4.4457
내국인방문객수,20240801,40741.0,stl,급증/급감,4.6509
내국인방문객수,20240814,38348.0,stl,급증/급감,5.5436
내국인방문객수,20240815,41410.0,stl,급증/급감,9.3092
내국인방문객수,20240817,30401.0,stl,급증/급감,5.7112
내국인방문객수,20240820,28252.0,stl,급증/급감,7.3111
내국인방문객수,20240821,30104.0,stl,급증/급감,3.3478
내국인방문객수,20240903,29130.0,stl,급증/급감,3.9226
내국인방문객수,20240907,32979.0,stl,급증/급감,3.2635
내국인방문객수,20240910,26350.0,stl,급증/급감,7.0154
내국인방문객수,20240911,28191.0,stl,급증/급감,4.6987
내국인방문객수,20240913,40029.0,stl,급증/급감,7.7172
내국인방문객수,20240915,42106.0,stl,급증/급감,10.5621
내국인방문객수,20240916,37356.0,stl,급증/급감,5.6505
내국인방문객수,20240918,37998.0,stl,급증/급감,4.1959
내국인방문객수,20240920,29611.0,stl,급증/급감,5.5047
내국인방문객수,20240921,27388.0,stl,급증/급감,12.4104
내국인방문객수,20240928,40837.0,stl,급증/급감,6.7574
내국인방문객수,20241003,39170.0,stl,급증/급감,5.938
내국인방문객수,20241004,28966.0,stl,급증/급감,5.6936
내국인방문객수,20241010,29294.0,stl,급증/급감,4.1768
내국인방문객수,20241012,34055.0,stl,급증/급감,4.2272
내국인방문객수,20241127,21664.0,iqr_log,극단치,0.1019
내국인방문객수,20241127,21664.0,stl,급증/급감,10.2387
내국인방문객수,20241228,34227.0,stl,급증/급감,4.8832
내국인방문객수,20241229,32583.0,stl,급증/급감,5.5303
내국인방문객수,20250103,24366.0,stl,급증/급감,3.59
내국인방문객수,20250109,15145.0,iqr,극단치,0.6057
내국인방문객수,20250109,15145.0,iqr_log,극단치,1.7689
내국인방문객수,20250109,15145.0,mzscore,극단치,3.5792
내국인방문객수,20250109,15145.0,stl,급증/급감,22.4318
내국인방문객수,20250110,32735.0,stl,급증/급감,7.3995
내국인방문객수,20250125,37001.0,stl,급증/급감,12.0127
내국인방문객수,20250126,36572.0,stl,급증/급감,12.8496
내국인방문객수,20250127,33645.0,stl,급증/급감,8.9124
내국인방문객수,20250128,27989.0,stl,급증/급감,4.6213
내국인방문객수,20250129,30659.0,stl,급증/급감,9.017
내국인방문객수,20250130,33266.0,stl,급증/급감,10.5477
내국인방문객수,20250204,20974.0,iqr_log,극단치,0.2526
내국인방문객수,20250204,20974.0,stl,급증/급감,6.281
내국인방문객수,20250205,21791.0,iqr_log,극단치,0.0747
내국인방문객수,20250205,21791.0,stl,급증/급감,5.2132
내국인방문객수,20250207,6118.0,iqr,극단치,1.8389
내국인방문객수,20250207,6118.0,iqr_log,극단치,5.9896
내국인방문객수,20250207,6118.0,mzscore,극단치,5.2586
내국인방문객수,20250207,6118.0,skewkurt,분포 왜곡,1.5506
내국인방문객수,20250207,6118.0,stl,급증/급감,64.8418
내국인방문객수,20250207,6118.0,zscore,극단치,4.2689
내국인방문객수,20250301,34195.0,stl,급증/급감,4.7063
내국인방문객수,20250302,23927.0,stl,급증/급감,6.3753
내국인방문객수,20250303,21655.0,iqr_log,극단치,0.1038
내국인방문객수,20250303,21655.0,stl,급증/급감,8.7499
내국인방문객수,20250304,17990.0,iqr,극단치,0.217
내국인방문객수,20250304,17990.0,iqr_log,극단치,0.9673
내국인방문객수,20250304,17990.0,stl,급증/급감,13.4251
내국인방문객수,20250305,18884.0,iqr,극단치,0.0949
내국인방문객수,20250305,18884.0,iqr_log,극단치,0.7414
내국인방문객수,20250305,18884.0,stl,급증/급감,8.5918
내국인방문객수,20250306,21373.0,iqr_log,극단치,0.1648
내국인방문객수,20250306,21373.0,stl,급증/급감,5.1068
내국인방문객수,20250310,21781.0,iqr_log,극단치,0.0768
내국인방문객수,20250310,21781.0,stl,급증/급감,3.9032
내국인방문객수,20250311,19996.0,iqr_log,극단치,0.475
내국인방문객수,20250311,19996.0,stl,급증/급감,5.92
내국인방문객수,20250312,20175.0,iqr_log,극단치,0.4335
내국인방문객수,20250312,20175.0,stl,급증/급감,5.305
내국인방문객수,20250316,21647.0,iqr_log,극단치,0.1055
내국인방문객수,20250316,21647.0,stl,급증/급감,6.0831
내국인방문객수,20250318,21026.0,iqr_log,극단치,0.2411
내국인방문객수,20250318,21026.0,stl,급증/급감,7.2655
내국인방문객수,20250412,24884.0,stl,급증/급감,10.3724
내국인방문객수,20250414,27880.0,stl,급증/급감,4.3583
내국인방문객수,20250501,39365.0,stl,급증/급감,6.5934
내국인방문객수,20250502,41201.0,stl,급증/급감,7.1017
내국인방문객수,20250503,38097.0,stl,급증/급감,5.2333
내국인방문객수,20250504,38560.0,stl,급증/급감,8.4102
내국인방문객수,20250505,29877.0,stl,급증/급감,4.7634
내국인방문객수,20250507,29466.0,stl,급증/급감,5.7966
내국인방문객수,20250508,27687.0,stl,급증/급감,6.7073
내국인방문객수,20250509,28114.0,stl,급증/급감,7.6335
내국인방문객수,20250531,36518.0,stl,급증/급감,5.2222
내국인방문객수,20250605,37367.0,stl,급증/급감,5.2412
내국인방문객수,20250606,42166.0,stl,급증/급감,8.5565
내국인방문객수,20250717,27647.0,stl,급증/급감,4.924
내국인방문객수,20250812,34510.0,stl,급증/급감,4.7632
내국인방문객수,20250813,37994.0,stl,급증/급감,7.0532
내국인방문객수,20250814,40132.0,stl,급증/급감,7.567
내국인방문객수,20250815,43247.0,stl,급증/급감,7.6974
내국인방문객수,20250825,37525.0,stl,급증/급감,5.5956
내국인방문객수,20250826,34656.0,stl,급증/급감,6.2143
내국인방문객수,20250827,35859.0,stl,급증/급감,4.4509
내국인방문객수,20251001,36559.0,stl,급증/급감,6.1304
내국인방문객수,20251002,41302.0,stl,급증/급감,9.7117
내국인방문객수,20251003,43028.0,stl,급증/급감,9.0348
내국인방문객수,20251004,44597.0,stl,급증/급감,12.8398
내국인방문객수,20251005,42384.0,stl,급증/급감,15.6985
내국인방문객수,20251006,43377.0,stl,급증/급감,16.1333
내국인방문객수,20251007,43671.0,stl,급증/급감,14.9112
내국인방문객수,20251008,42302.0,stl,급증/급감,12.3298
내국인방문객수,20251009,38141.0,stl,급증/급감,7.1665
내국인방문객수,20251010,30139.0,stl,급증/급감,5.3609
내국인방문객수,20251011,24412.0,stl,급증/급감,11.9731
내국인방문객수,20251014,27219.0,stl,급증/급감,5.952
내국인방문객수,20251019,35065.0,stl,급증/급감,4.7614
내국인방문객수,20251020,38758.0,stl,급증/급감,5.7777
내국인방문객수,20251202,24401.0,stl,급증/급감,3.8263
내국인방문객수,20251203,25751.0,stl,급증/급감,6.2826
내국인방문객수,20251224,36561.0,stl,급증/급감,5.2595
내국인방문객수,20251230,34381.0,stl,급증/급감,4.1186
내국인방문객수,20251231,37424.0,stl,급증/급감,6.0023
내국인방문객수,20260102,27825.0,stl,급증/급감,6.6917
내국인방문객수,20260103,28261.0,stl,급증/급감,3.5842
내국인방문객수,20260121,28692.0,stl,급증/급감,4.0993
내국인방문객수,20260208,19663.0,iqr_log,극단치,0.5532
내국인방문객수,20260208,19663.0,stl,급증/급감,18.8458
내국인방문객수,20260214,40198.0,stl,급증/급감,8.6321
내국인방문객수,20260215,39482.0,stl,급증/급감,7.9519
내국인방문객수,20260218,36339.0,stl,급증/급감,3.7995
내국인방문객수,20260220,32623.0,stl,급증/급감,4.1724
내국인방문객수,20260228,37844.0,stl,급증/급감,4.7691
내국인방문객수,20260301,27014.0,stl,급증/급감,6.0333
내국인방문객수,20260302,22310.0,stl,급증/급감,11.0002
내국인방문객수,20260304,21816.0,iqr_log,극단치,0.0693
내국인방문객수,20260304,21816.0,stl,급증/급감,6.2607
내국인방문객수,20260305,23823.0,stl,급증/급감,3.9278
내국인방문객수,20260318,25477.0,stl,급증/급감,3.0885
내국인방문객수,20260409,15041.0,iqr,극단치,0.6199
내국인방문객수,20260409,15041.0,iqr_log,극단치,1.801
내국인방문객수,20260409,15041.0,mzscore,극단치,3.5985
내국인방문객수,20260409,15041.0,stl,급증/급감,31.5796
내국인방문객수,20260410,38175.0,stl,급증/급감,5.3153
내국인방문객수,20260430,37550.0,stl,급증/급감,4.6031
내국인방문객수,20260501,41762.0,stl,급증/급감,6.7657
내국인방문객수,20260502,41052.0,stl,급증/급감,8.9733
내국인방문객수,20260504,26032.0,stl,급증/급감,8.7968
내국인방문객수,20260505,24868.0,stl,급증/급감,6.9402
내국인방문객수,20260507,26556.0,stl,급증/급감,6.7596
내국인방문객수,20260508,29046.0,stl,급증/급감,5.2
내국인방문객수,20260522,36500.0,stl,급증/급감,5.2478
내국인방문객수,20260523,39011.0,stl,급증/급감,9.2725
내국인방문객수,20260525,27030.0,stl,급증/급감,5.5311
내국인방문객수,20260601,26710.0,stl,급증/급감,5.1476
내국인방문객수,20260603,32884.0,stl,급증/급감,5.6628
내국인방문객수,20260630,21475.0,iqr_log,극단치,0.1427
내국인방문객수,20260630,21475.0,stl,급증/급감,6.0694
내국인방문객수,20260712,22094.0,iqr_log,극단치,0.0104
내국인방문객수,20260712,22094.0,stl,급증/급감,10.6494
내국인방문객수,20260715,30734.0,stl,급증/급감,3.5797
내국인방문객수,20260716,34258.0,stl,급증/급감,6.7551
내국인방문객수,20260717,37072.0,stl,급증/급감,7.4087
내국인방문객수,20260718,28322.0,stl,급증/급감,5.6657
내국인방문객수,20260719,30397.0,stl,급증/급감,4.5237
내국인방문객수,20260720,31493.0,stl,급증/급감,4.5699
내국인방문객수,20260807,32775.0,stl,급증/급감,3.6834
내국인방문객수,20260808,33057.0,stl,급증/급감,5.6789
내국인방문객수,20260809,32389.0,stl,급증/급감,5.2618
내국인방문객수,20260812,36634.0,stl,급증/급감,4.8563
내국인방문객수,20260813,37951.0,stl,급증/급감,7.4331
내국인방문객수,20260814,40417.0,stl,급증/급감,9.3126
내국인방문객수,20260815,41137.0,stl,급증/급감,8.8923
내국인방문객수,20260819,29220.0,stl,급증/급감,4.4079
내국인방문객수,20260830,30354.0,stl,급증/급감,5.0849
내국인방문객수,20260831,28022.0,stl,급증/급감,12.5396
내국인방문객수,20260901,26392.0,stl,급증/급감,9.3186
내국인방문객수,20260902,28287.0,stl,급증/급감,7.9054
외국인방문객수,20150731,2374.0,stl,급증/급감,14.6226
외국인방문객수,20150802,2288.0,stl,급증/급감,14.8058
외국인방문객수,20150806,2700.0,stl,급증/급감,15.3992
외국인방문객수,20150811,3627.0,stl,급증/급감,5.9522
외국인방문객수,20150814,9949.0,stl,급증/급감,6.5825
외국인방문객수,20150815,3451.0,stl,급증/급감,8.8241
외국인방문객수,20150819,11229.0,stl,급증/급감,10.6361
외국인방문객수,20150823,11872.0,stl,급증/급감,6.7036
외국인방문객수,20150824,6399.0,stl,급증/급감,4.9385
외국인방문객수,20150826,11138.0,stl,급증/급감,4.6349
외국인방문객수,20150828,5063.0,stl,급증/급감,7.2311
외국인방문객수,20150901,3865.0,stl,급증/급감,9.7274
외국인방문객수,20150910,10411.0,stl,급증/급감,3.7215
외국인방문객수,20150911,11221.0,stl,급증/급감,6.9678
외국인방문객수,20150914,7351.0,stl,급증/급감,4.194
외국인방문객수,20150923,12218.0,stl,급증/급감,4.8331
외국인방문객수,20150924,6717.0,stl,급증/급감,5.815
외국인방문객수,20150929,8160.0,stl,급증/급감,4.2012
외국인방문객수,20151004,14464.0,iqr,극단치,0.1764
외국인방문객수,20151006,6259.0,stl,급증/급감,9.1837
외국인방문객수,20151009,13209.0,stl,급증/급감,4.392
외국인방문객수,20151012,11552.0,stl,급증/급감,4.6508
외국인방문객수,20151017,13594.0,iqr,극단치,0.0106
외국인방문객수,20151017,13594.0,stl,급증/급감,4.4964
외국인방문객수,20151020,11672.0,stl,급증/급감,3.0564
외국인방문객수,20151022,6598.0,stl,급증/급감,8.7801
외국인방문객수,20151025,15012.0,iqr,극단치,0.2808
외국인방문객수,20151025,15012.0,stl,급증/급감,8.491
외국인방문객수,20151025,15012.0,zscore,극단치,3.1087
외국인방문객수,20151103,4696.0,stl,급증/급감,5.551
외국인방문객수,20151109,8449.0,stl,급증/급감,6.2385
외국인방문객수,20151111,9247.0,stl,급증/급감,5.0642
외국인방문객수,20151115,8509.0,stl,급증/급감,4.4919
외국인방문객수,20151117,9971.0,stl,급증/급감,7.0484
외국인방문객수,20151118,7341.0,stl,급증/급감,3.0061
외국인방문객수,20151119,4932.0,stl,급증/급감,4.1906
외국인방문객수,20151120,7110.0,stl,급증/급감,3.1512
외국인방문객수,20151121,9488.0,stl,급증/급감,5.602
외국인방문객수,20151125,9391.0,stl,급증/급감,8.8783
외국인방문객수,20151129,9416.0,stl,급증/급감,7.0797
외국인방문객수,20151205,11451.0,stl,급증/급감,8.5695
외국인방문객수,20151206,4243.0,stl,급증/급감,6.4864
외국인방문객수,20151208,3923.0,stl,급증/급감,4.9689
외국인방문객수,20151212,4838.0,stl,급증/급감,6.4671
외국인방문객수,20151214,4188.0,stl,급증/급감,8.2831
외국인방문객수,20151223,7829.0,stl,급증/급감,12.4144
외국인방문객수,20151225,7400.0,stl,급증/급감,8.7824
외국인방문객수,20151227,9179.0,stl,급증/급감,9.8495
외국인방문객수,20151228,3487.0,stl,급증/급감,6.9236
외국인방문객수,20151229,5697.0,stl,급증/급감,5.3705
외국인방문객수,20151230,7739.0,stl,급증/급감,13.5381
외국인방문객수,20160102,9090.0,stl,급증/급감,8.0041
외국인방문객수,20160107,4080.0,stl,급증/급감,7.8556
외국인방문객수,20160109,9414.0,stl,급증/급감,9.1027
외국인방문객수,20160111,3113.0,stl,급증/급감,7.6357
외국인방문객수,20160115,7949.0,stl,급증/급감,7.1076
외국인방문객수,20160121,9353.0,stl,급증/급감,3.8771
외국인방문객수,20160123,2256.0,stl,급증/급감,12.1026
외국인방문객수,20160124,0.0,iqr_log,극단치,0.8226
외국인방문객수,20160124,0.0,stl,급증/급감,127.0003
외국인방문객수,20160127,8340.0,stl,급증/급감,6.8901
외국인방문객수,20160131,9466.0,stl,급증/급감,5.6708
외국인방문객수,20160207,9865.0,stl,급증/급감,7.324
외국인방문객수,20160213,12498.0,stl,급증/급감,8.518
외국인방문객수,20160215,5299.0,stl,급증/급감,5.6981
외국인방문객수,20160224,6050.0,stl,급증/급감,4.1628
외국인방문객수,20160226,9661.0,stl,급증/급감,3.987
외국인방문객수,20160303,5302.0,stl,급증/급감,6.4753
외국인방문객수,20160307,4465.0,stl,급증/급감,8.5025
외국인방문객수,20160308,4990.0,stl,급증/급감,8.9279
외국인방문객수,20160310,5012.0,stl,급증/급감,10.0735
외국인방문객수,20160312,5473.0,stl,급증/급감,5.6422
외국인방문객수,20160325,12363.0,stl,급증/급감,5.95
외국인방문객수,20160329,7830.0,stl,급증/급감,4.7191
외국인방문객수,20160403,7702.0,stl,급증/급감,5.3512
외국인방문객수,20160404,6286.0,stl,급증/급감,8.8365
외국인방문객수,20160405,13787.0,iqr,극단치,0.0474
외국인방문객수,20160407,9381.0,stl,급증/급감,4.7621
외국인방문객수,20160412,6404.0,stl,급증/급감,10.339
외국인방문객수,20160414,8010.0,stl,급증/급감,6.2694
외국인방문객수,20160415,13416.0,stl,급증/급감,5.7063
외국인방문객수,20160416,4802.0,stl,급증/급감,12.6463
외국인방문객수,20160419,14283.0,iqr,극단치,0.1419
외국인방문객수,20160502,7586.0,stl,급증/급감,5.223
외국인방문객수,20160507,8783.0,stl,급증/급감,4.8698
외국인방문객수,20160508,7963.0,stl,급증/급감,5.6553
외국인방문객수,20160511,12806.0,stl,급증/급감,3.6232
외국인방문객수,20160517,7537.0,stl,급증/급감,5.9536
외국인방문객수,20160519,15560.0,iqr,극단치,0.3853
외국인방문객수,20160519,15560.0,zscore,극단치,3.2625
외국인방문객수,20160520,9227.0,stl,급증/급감,3.0063
외국인방문객수,20160521,14339.0,iqr,극단치,0.1526
외국인방문객수,20160526,14289.0,iqr,극단치,0.1431
외국인방문객수,20160603,14625.0,iqr,극단치,0.2071
외국인방문객수,20160603,14625.0,stl,급증/급감,5.2556
외국인방문객수,20160603,14625.0,zscore,극단치,3.0001
외국인방문객수,20160604,7793.0,stl,급증/급감,6.3024
외국인방문객수,20160607,15119.0,iqr,극단치,0.3012
외국인방문객수,20160607,15119.0,stl,급증/급감,3.9918
외국인방문객수,20160607,15119.0,zscore,극단치,3.1388
외국인방문객수,20160612,15033.0,iqr,극단치,0.2848
외국인방문객수,20160612,15033.0,zscore,극단치,3.1146
외국인방문객수,20160613,9357.0,stl,급증/급감,4.5598
외국인방문객수,20160616,13788.0,iqr,극단치,0.0476
외국인방문객수,20160624,7890.0,stl,급증/급감,4.4586
외국인방문객수,20160625,18151.0,iqr,극단치,0.879
외국인방문객수,20160625,18151.0,mzscore,극단치,3.7714
외국인방문객수,20160625,18151.0,skewkurt,분포 왜곡,1.668
외국인방문객수,20160625,18151.0,stl,급증/급감,7.2459
외국인방문객수,20160625,18151.0,zscore,극단치,3.9895
외국인방문객수,20160703,8813.0,stl,급증/급감,5.5894
외국인방문객수,20160705,17709.0,iqr,극단치,0.7948
외국인방문객수,20160705,17709.0,mzscore,극단치,3.6582
외국인방문객수,20160705,17709.0,skewkurt,분포 왜곡,1.4701
외국인방문객수,20160705,17709.0,stl,급증/급감,5.1867
외국인방문객수,20160705,17709.0,zscore,극단치,3.8655
외국인방문객수,20160707,16292.0,iqr,극단치,0.5248
외국인방문객수,20160707,16292.0,zscore,극단치,3.4679
외국인방문객수,20160708,10595.0,stl,급증/급감,4.3485
외국인방문객수,20160715,15148.0,iqr,극단치,0.3068
외국인방문객수,20160715,15148.0,zscore,극단치,3.1469
외국인방문객수,20160720,16798.0,iqr,극단치,0.6212
외국인방문객수,20160720,16798.0,skewkurt,분포 왜곡,1.1181
외국인방문객수,20160720,16798.0,stl,급증/급감,4.9808
외국인방문객수,20160720,16798.0,zscore,극단치,3.6099
외국인방문객수,20160722,13679.0,iqr,극단치,0.0268
외국인방문객수,20160724,8078.0,stl,급증/급감,7.2075
외국인방문객수,20160725,14281.0,iqr,극단치,0.1415
외국인방문객수,20160726,14111.0,iqr,극단치,0.1091
외국인방문객수,20160727,13548.0,iqr,극단치,0.0019
외국인방문객수,20160728,14321.0,iqr,극단치,0.1492
외국인방문객수,20160730,15078.0,iqr,극단치,0.2934
외국인방문객수,20160730,15078.0,zscore,극단치,3.1273
외국인방문객수,20160802,10567.0,stl,급증/급감,4.4732
외국인방문객수,20160804,17403.0,iqr,극단치,0.7365
외국인방문객수,20160804,17403.0,mzscore,극단치,3.5798
외국인방문객수,20160804,17403.0,skewkurt,분포 왜곡,1.3437
외국인방문객수,20160804,17403.0,stl,급증/급감,4.1339
외국인방문객수,20160804,17403.0,zscore,극단치,3.7797
외국인방문객수,20160807,14439.0,iqr,극단치,0.1717
외국인방문객수,20160808,15492.0,iqr,극단치,0.3723
외국인방문객수,20160808,15492.0,zscore,극단치,3.2434
외국인방문객수,20160809,17659.0,iqr,극단치,0.7853
외국인방문객수,20160809,17659.0,mzscore,극단치,3.6454
외국인방문객수,20160809,17659.0,skewkurt,분포 왜곡,1.4488
외국인방문객수,20160809,17659.0,zscore,극단치,3.8515
외국인방문객수,20160810,14424.0,iqr,극단치,0.1688
외국인방문객수,20160811,14352.0,iqr,극단치,0.1551
외국인방문객수,20160812,11270.0,stl,급증/급감,5.5216
외국인방문객수,20160813,10813.0,stl,급증/급감,6.4192
외국인방문객수,20160814,19222.0,iqr,극단치,1.0831
외국인방문객수,20160814,19222.0,mzscore,극단치,4.0457
외국인방문객수,20160814,19222.0,skewkurt,분포 왜곡,2.2303
외국인방문객수,20160814,19222.0,zscore,극단치,4.2901
외국인방문객수,20160815,18765.0,iqr,극단치,0.996
외국인방문객수,20160815,18765.0,mzscore,극단치,3.9287
외국인방문객수,20160815,18765.0,skewkurt,분포 왜곡,1.9754
외국인방문객수,20160815,18765.0,stl,급증/급감,3.7175
외국인방문객수,20160815,18765.0,zscore,극단치,4.1618
외국인방문객수,20160816,18030.0,iqr,극단치,0.856
외국인방문객수,20160816,18030.0,mzscore,극단치,3.7404
외국인방문객수,20160816,18030.0,skewkurt,분포 왜곡,1.6119
외국인방문객수,20160816,18030.0,zscore,극단치,3.9556
외국인방문객수,20160818,13618.0,iqr,극단치,0.0152
외국인방문객수,20160819,15927.0,iqr,극단치,0.4552
외국인방문객수,20160819,15927.0,zscore,극단치,3.3655
외국인방문객수,20160820,17418.0,iqr,극단치,0.7394
외국인방문객수,20160820,17418.0,mzscore,극단치,3.5837
외국인방문객수,20160820,17418.0,skewkurt,분포 왜곡,1.3497
외국인방문객수,20160820,17418.0,zscore,극단치,3.7839
외국인방문객수,20160821,17724.0,iqr,극단치,0.7977
외국인방문객수,20160821,17724.0,mzscore,극단치,3.662
외국인방문객수,20160821,17724.0,skewkurt,분포 왜곡,1.4765
외국인방문객수,20160821,17724.0,zscore,극단치,3.8697
외국인방문객수,20160824,16674.0,iqr,극단치,0.5976
외국인방문객수,20160824,16674.0,skewkurt,분포 왜곡,1.0756
외국인방문객수,20160824,16674.0,stl,급증/급감,7.4982
외국인방문객수,20160824,16674.0,zscore,극단치,3.5751
외국인방문객수,20160825,17538.0,iqr,극단치,0.7622
외국인방문객수,20160825,17538.0,mzscore,극단치,3.6144
외국인방문객수,20160825,17538.0,skewkurt,분포 왜곡,1.3984
외국인방문객수,20160825,17538.0,stl,급증/급감,5.5239
외국인방문객수,20160825,17538.0,zscore,극단치,3.8175
외국인방문객수,20160826,13711.0,iqr,극단치,0.0329
외국인방문객수,20160902,15235.0,iqr,극단치,0.3233
외국인방문객수,20160902,15235.0,stl,급증/급감,3.9767
외국인방문객수,20160902,15235.0,zscore,극단치,3.1713
외국인방문객수,20160903,16913.0,iqr,극단치,0.6431
외국인방문객수,20160903,16913.0,skewkurt,분포 왜곡,1.1586
외국인방문객수,20160903,16913.0,zscore,극단치,3.6422
외국인방문객수,20160913,15255.0,iqr,극단치,0.3272
외국인방문객수,20160913,15255.0,stl,급증/급감,8.0896
외국인방문객수,20160913,15255.0,zscore,극단치,3.1769
외국인방문객수,20160917,16854.0,iqr,극단치,0.6319
외국인방문객수,20160917,16854.0,skewkurt,분포 왜곡,1.1377
외국인방문객수,20160917,16854.0,stl,급증/급감,5.9911
외국인방문객수,20160917,16854.0,zscore,극단치,3.6256
외국인방문객수,20160922,18114.0,iqr,극단치,0.872
외국인방문객수,20160922,18114.0,mzscore,극단치,3.7619
외국인방문객수,20160922,18114.0,skewkurt,분포 왜곡,1.6507
외국인방문객수,20160922,18114.0,stl,급증/급감,5.6262
외국인방문객수,20160922,18114.0,zscore,극단치,3.9792
외국인방문객수,20161001,16973.0,iqr,극단치,0.6545
외국인방문객수,20161001,16973.0,skewkurt,분포 왜곡,1.1802
외국인방문객수,20161001,16973.0,stl,급증/급감,7.7234
외국인방문객수,20161001,16973.0,zscore,극단치,3.659
외국인방문객수,20161003,14169.0,iqr,극단치,0.1202
외국인방문객수,20161003,14169.0,stl,급증/급감,5.4014
외국인방문객수,20161004,5102.0,stl,급증/급감,10.0236
외국인방문객수,20161005,6998.0,stl,급증/급감,5.0476
외국인방문객수,20161018,14377.0,iqr,극단치,0.1598
외국인방문객수,20161018,14377.0,stl,급증/급감,5.6121
외국인방문객수,20161028,9237.0,stl,급증/급감,4.4745
외국인방문객수,20161105,10060.0,stl,급증/급감,3.5498
외국인방문객수,20161110,8811.0,stl,급증/급감,5.7029
외국인방문객수,20161114,4511.0,stl,급증/급감,3.5778
외국인방문객수,20161115,4590.0,stl,급증/급감,6.1527
외국인방문객수,20161117,11243.0,stl,급증/급감,9.5219
외국인방문객수,20161128,3907.0,stl,급증/급감,7.6196
외국인방문객수,20161130,8369.0,stl,급증/급감,3.0844
외국인방문객수,20161202,6506.0,stl,급증/급감,3.4937
외국인방문객수,20161215,4490.0,stl,급증/급감,5.4543
외국인방문객수,20161217,4179.0,stl,급증/급감,4.5132
외국인방문객수,20161220,10104.0,stl,급증/급감,5.0654
외국인방문객수,20161222,5512.0,stl,급증/급감,5.4712
외국인방문객수,20161224,12815.0,stl,급증/급감,9.2455
외국인방문객수,20161225,4709.0,stl,급증/급감,6.0664
외국인방문객수,20161227,4491.0,stl,급증/급감,7.2854
외국인방문객수,20161228,9999.0,stl,급증/급감,6.735
외국인방문객수,20161230,11488.0,stl,급증/급감,7.8533
외국인방문객수,20161231,9466.0,stl,급증/급감,4.8173
외국인방문객수,20170107,4973.0,stl,급증/급감,5.9762
외국인방문객수,20170113,4203.0,stl,급증/급감,12.0688
외국인방문객수,20170115,3790.0,stl,급증/급감,8.5032
외국인방문객수,20170116,7716.0,stl,급증/급감,5.2798
외국인방문객수,20170118,12151.0,stl,급증/급감,8.3005
외국인방문객수,20170120,4215.0,stl,급증/급감,13.9307
외국인방문객수,20170123,3966.0,stl,급증/급감,6.0222
외국인방문객수,20170124,11668.0,stl,급증/급감,5.9796
외국인방문객수,20170126,9621.0,stl,급증/급감,6.4114
외국인방문객수,20170128,4632.0,stl,급증/급감,7.0578
외국인방문객수,20170129,10759.0,stl,급증/급감,6.2275
외국인방문객수,20170202,7992.0,stl,급증/급감,5.7997
외국인방문객수,20170203,13915.0,iqr,극단치,0.0718
외국인방문객수,20170203,13915.0,stl,급증/급감,5.8762
외국인방문객수,20170205,5756.0,stl,급증/급감,4.1768
외국인방문객수,20170207,14103.0,iqr,극단치,0.1076
외국인방문객수,20170207,14103.0,stl,급증/급감,8.9788
외국인방문객수,20170210,5072.0,stl,급증/급감,7.4833
외국인방문객수,20170213,10912.0,stl,급증/급감,8.541
외국인방문객수,20170214,4346.0,stl,급증/급감,7.8603
외국인방문객수,20170215,8472.0,stl,급증/급감,8.6579
외국인방문객수,20170222,6267.0,stl,급증/급감,4.7953
외국인방문객수,20170225,9665.0,stl,급증/급감,6.6853
외국인방문객수,20170303,7470.0,stl,급증/급감,5.3193
외국인방문객수,20170307,3116.0,stl,급증/급감,5.9493
외국인방문객수,20170309,5159.0,stl,급증/급감,5.2373
외국인방문객수,20170311,2853.0,stl,급증/급감,4.9696
외국인방문객수,20170314,1711.0,stl,급증/급감,7.9513
외국인방문객수,20170315,9855.0,stl,급증/급감,21.0957
외국인방문객수,20170317,4006.0,stl,급증/급감,9.8786
외국인방문객수,20170319,1890.0,stl,급증/급감,4.1053
외국인방문객수,20170329,3305.0,stl,급증/급감,5.0936
외국인방문객수,20170402,4793.0,stl,급증/급감,7.4827
외국인방문객수,20170419,4698.0,stl,급증/급감,4.5817
외국인방문객수,20170509,1699.0,stl,급증/급감,6.3532
외국인방문객수,20170510,2012.0,stl,급증/급감,4.9212
외국인방문객수,20170607,4797.0,stl,급증/급감,7.3023
외국인방문객수,20170609,3642.0,stl,급증/급감,4.0741
외국인방문객수,20170611,4403.0,stl,급증/급감,8.0243
외국인방문객수,20170620,1980.0,stl,급증/급감,4.1365
외국인방문객수,20170715,3764.0,stl,급증/급감,3.4666
외국인방문객수,20170811,3989.0,stl,급증/급감,4.9275
외국인방문객수,20170918,1727.0,stl,급증/급감,4.1737
외국인방문객수,20171006,2360.0,stl,급증/급감,5.0553
외국인방문객수,20171014,4160.0,stl,급증/급감,11.0944
외국인방문객수,20171027,2631.0,stl,급증/급감,7.7249
외국인방문객수,20171128,2721.0,stl,급증/급감,5.9305
외국인방문객수,20171208,2567.0,stl,급증/급감,3.0668
외국인방문객수,20180111,927.0,stl,급증/급감,8.0778
외국인방문객수,20180221,1832.0,stl,급증/급감,3.7011
외국인방문객수,20180301,2920.0,stl,급증/급감,4.2161
외국인방문객수,20180324,4824.0,stl,급증/급감,7.0785
외국인방문객수,20180409,4773.0,stl,급증/급감,9.865
외국인방문객수,20180628,5224.0,stl,급증/급감,4.7428
외국인방문객수,20180822,2516.0,stl,급증/급감,7.783
외국인방문객수,20180823,0.0,iqr_log,극단치,0.8226
외국인방문객수,20180823,0.0,stl,급증/급감,123.4884
외국인방문객수,20180824,5429.0,stl,급증/급감,3.8711
외국인방문객수,20180829,5711.0,stl,급증/급감,4.7138
외국인방문객수,20181005,2486.0,stl,급증/급감,8.2871
외국인방문객수,20181006,3716.0,stl,급증/급감,4.589
외국인방문객수,20181024,6128.0,stl,급증/급감,3.2792
외국인방문객수,20181104,5995.0,stl,급증/급감,7.4384
외국인방문객수,20181114,4807.0,stl,급증/급감,3.683
외국인방문객수,20190226,5905.0,stl,급증/급감,4.9732
외국인방문객수,20190302,6488.0,stl,급증/급감,6.031
외국인방문객수,20190320,1944.0,stl,급증/급감,9.7263
외국인방문객수,20190328,6719.0,stl,급증/급감,6.0978
외국인방문객수,20190405,7513.0,stl,급증/급감,7.5366
외국인방문객수,20190407,5875.0,stl,급증/급감,6.577
외국인방문객수,20190410,6203.0,stl,급증/급감,7.046
외국인방문객수,20190416,4785.0,stl,급증/급감,3.2128
외국인방문객수,20190420,6725.0,stl,급증/급감,3.7886
외국인방문객수,20190514,5354.0,stl,급증/급감,4.2522
외국인방문객수,20190515,8224.0,stl,급증/급감,8.7047
외국인방문객수,20190606,6872.0,stl,급증/급감,4.5345
외국인방문객수,20190619,6686.0,stl,급증/급감,4.1307
외국인방문객수,20190719,2826.0,stl,급증/급감,9.1673
외국인방문객수,20190727,7375.0,stl,급증/급감,5.6716
외국인방문객수,20190809,4549.0,stl,급증/급감,3.4102
외국인방문객수,20190817,7554.0,stl,급증/급감,4.3479
외국인방문객수,20190906,2750.0,stl,급증/급감,10.0105
외국인방문객수,20190907,4147.0,stl,급증/급감,3.631
외국인방문객수,20190921,3868.0,stl,급증/급감,5.6777
외국인방문객수,20190922,1396.0,stl,급증/급감,19.3974
외국인방문객수,20190923,7706.0,stl,급증/급감,4.5995
외국인방문객수,20191002,1865.0,stl,급증/급감,15.2328
외국인방문객수,20191003,8192.0,stl,급증/급감,6.5406
외국인방문객수,20191023,6820.0,stl,급증/급감,5.6205
외국인방문객수,20191103,6805.0,stl,급증/급감,5.8266
외국인방문객수,20200107,3984.0,stl,급증/급감,4.777
외국인방문객수,20200204,1285.0,stl,급증/급감,4.0063
외국인방문객수,20200218,453.0,stl,급증/급감,10.2293
외국인방문객수,20200221,383.0,stl,급증/급감,5.6971
외국인방문객수,20200306,210.0,stl,급증/급감,5.769
외국인방문객수,20200317,66.0,stl,급증/급감,5.6366
외국인방문객수,20200318,94.0,stl,급증/급감,4.0987
외국인방문객수,20200319,41.0,stl,급증/급감,4.7454
외국인방문객수,20200321,34.0,stl,급증/급감,4.7827
외국인방문객수,20200324,23.0,stl,급증/급감,6.4942
외국인방문객수,20200330,81.0,stl,급증/급감,15.9599
외국인방문객수,20200411,20.0,stl,급증/급감,5.9467
외국인방문객수,20200416,17.0,stl,급증/급감,9.192
외국인방문객수,20200427,20.0,stl,급증/급감,4.6325
외국인방문객수,20200428,40.0,stl,급증/급감,5.9448
외국인방문객수,20200430,181.0,stl,급증/급감,20.0279
외국인방문객수,20200501,98.0,stl,급증/급감,8.666
외국인방문객수,20200503,69.0,stl,급증/급감,5.2662
외국인방문객수,20200504,103.0,stl,급증/급감,10.6284
외국인방문객수,20200508,41.0,stl,급증/급감,7.8943
외국인방문객수,20200509,35.0,stl,급증/급감,8.635
외국인방문객수,20200513,80.0,stl,급증/급감,3.8493
외국인방문객수,20200519,91.0,stl,급증/급감,4.9852
외국인방문객수,20200610,52.0,stl,급증/급감,4.8938
외국인방문객수,20200611,62.0,stl,급증/급감,4.8237
외국인방문객수,20200623,138.0,stl,급증/급감,5.0755
외국인방문객수,20200626,84.0,stl,급증/급감,4.3089
외국인방문객수,20200628,137.0,stl,급증/급감,5.7324
외국인방문객수,20200701,139.0,stl,급증/급감,5.4594
외국인방문객수,20200702,150.0,stl,급증/급감,5.6836
외국인방문객수,20200703,269.0,stl,급증/급감,13.2086
외국인방문객수,20200714,158.0,stl,급증/급감,3.1425
외국인방문객수,20200716,185.0,stl,급증/급감,5.894
외국인방문객수,20200717,156.0,stl,급증/급감,4.1636
외국인방문객수,20200731,262.0,stl,급증/급감,6.2337
외국인방문객수,20200801,322.0,stl,급증/급감,8.4929
외국인방문객수,20200802,308.0,stl,급증/급감,6.5735
외국인방문객수,20200809,154.0,stl,급증/급감,4.2326
외국인방문객수,20200810,108.0,stl,급증/급감,10.9833
외국인방문객수,20200812,235.0,stl,급증/급감,5.8241
외국인방문객수,20200819,225.0,stl,급증/급감,10.4348
외국인방문객수,20200825,110.0,stl,급증/급감,4.3751
외국인방문객수,20200902,4.0,iqr_log,극단치,0.2039
외국인방문객수,20200902,4.0,stl,급증/급감,35.5476
외국인방문객수,20200906,65.0,stl,급증/급감,7.2239
외국인방문객수,20200907,26.0,stl,급증/급감,21.6364
외국인방문객수,20200909,107.0,stl,급증/급감,6.9473
외국인방문객수,20200925,88.0,stl,급증/급감,8.1302
외국인방문객수,20200930,338.0,stl,급증/급감,12.9993
외국인방문객수,20201001,431.0,stl,급증/급감,15.8354
외국인방문객수,20201016,152.0,stl,급증/급감,4.5126
외국인방문객수,20201103,243.0,stl,급증/급감,4.6596
외국인방문객수,20201208,129.0,stl,급증/급감,4.0137
외국인방문객수,20201230,6.0,iqr_log,극단치,0.0745
외국인방문객수,20201230,6.0,stl,급증/급감,35.4751
외국인방문객수,20201231,116.0,stl,급증/급감,6.2837
외국인방문객수,20210107,44.0,stl,급증/급감,6.3335
외국인방문객수,20210108,19.0,stl,급증/급감,20.9251
외국인방문객수,20210210,139.0,stl,급증/급감,5.463
외국인방문객수,20210211,193.0,stl,급증/급감,10.4906
외국인방문객수,20210214,144.0,stl,급증/급감,3.2146
외국인방문객수,20210215,139.0,stl,급증/급감,3.5165
외국인방문객수,20210226,136.0,stl,급증/급감,4.3387
외국인방문객수,20210227,129.0,stl,급증/급감,4.4446
외국인방문객수,20210312,141.0,stl,급증/급감,5.6923
외국인방문객수,20210320,141.0,stl,급증/급감,4.1098
외국인방문객수,20210325,169.0,stl,급증/급감,4.5476
외국인방문객수,20210326,166.0,stl,급증/급감,5.4623
외국인방문객수,20210327,223.0,stl,급증/급감,8.5068
외국인방문객수,20210328,201.0,stl,급증/급감,5.0368
외국인방문객수,20210329,190.0,stl,급증/급감,4.4098
외국인방문객수,20210501,152.0,stl,급증/급감,3.0996
외국인방문객수,20210503,90.0,stl,급증/급감,4.1493
외국인방문객수,20210505,167.0,stl,급증/급감,7.9896
외국인방문객수,20210529,199.0,stl,급증/급감,4.8902
외국인방문객수,20210531,218.0,stl,급증/급감,8.5175
외국인방문객수,20210604,126.0,stl,급증/급감,3.3473
외국인방문객수,20210612,121.0,stl,급증/급감,5.3613
외국인방문객수,20210628,144.0,stl,급증/급감,4.1882
외국인방문객수,20210703,227.0,stl,급증/급감,6.0246
외국인방문객수,20210720,181.0,stl,급증/급감,5.0819
외국인방문객수,20210723,112.0,stl,급증/급감,3.6884
외국인방문객수,20210801,245.0,stl,급증/급감,5.0249
외국인방문객수,20210803,211.0,stl,급증/급감,3.0671
외국인방문객수,20210808,125.0,stl,급증/급감,3.2871
외국인방문객수,20210814,162.0,stl,급증/급감,3.4135
외국인방문객수,20210823,49.0,stl,급증/급감,12.7985
외국인방문객수,20210824,73.0,stl,급증/급감,6.7233
외국인방문객수,20210903,163.0,stl,급증/급감,3.5808
외국인방문객수,20210904,188.0,stl,급증/급감,6.1249
외국인방문객수,20210915,158.0,stl,급증/급감,4.2347
외국인방문객수,20210917,205.0,stl,급증/급감,7.7853
외국인방문객수,20210918,418.0,stl,급증/급감,18.9408
외국인방문객수,20210919,671.0,stl,급증/급감,25.0359
외국인방문객수,20210920,241.0,stl,급증/급감,10.0278
외국인방문객수,20210921,172.0,stl,급증/급감,5.8726
외국인방문객수,20210923,197.0,stl,급증/급감,5.1959
외국인방문객수,20211009,152.0,stl,급증/급감,3.1928
외국인방문객수,20211102,224.0,stl,급증/급감,7.2393
외국인방문객수,20211109,102.0,stl,급증/급감,4.7744
외국인방문객수,20211130,104.0,stl,급증/급감,6.4979
외국인방문객수,20211214,98.0,stl,급증/급감,4.3342
외국인방문객수,20220129,151.0,stl,급증/급감,4.4298
외국인방문객수,20220130,173.0,stl,급증/급감,5.3453
외국인방문객수,20220226,131.0,stl,급증/급감,4.4445
외국인방문객수,20220227,120.0,stl,급증/급감,4.4809
외국인방문객수,20220325,71.0,stl,급증/급감,8.7577
외국인방문객수,20220505,191.0,stl,급증/급감,4.5989
외국인방문객수,20220515,106.0,stl,급증/급감,4.3005
외국인방문객수,20220601,152.0,stl,급증/급감,4.4787
외국인방문객수,20220603,332.0,stl,급증/급감,11.0633
외국인방문객수,20220608,165.0,stl,급증/급감,6.3385
외국인방문객수,20220612,115.0,stl,급증/급감,7.9627
외국인방문객수,20220617,328.0,stl,급증/급감,7.2937
외국인방문객수,20220627,259.0,stl,급증/급감,6.253
외국인방문객수,20220629,200.0,stl,급증/급감,6.5848
외국인방문객수,20220630,197.0,stl,급증/급감,3.8866
외국인방문객수,20220702,166.0,stl,급증/급감,3.1098
외국인방문객수,20220704,218.0,stl,급증/급감,5.1344
외국인방문객수,20220709,275.0,stl,급증/급감,11.1341
외국인방문객수,20220710,308.0,stl,급증/급감,6.5302
외국인방문객수,20220714,319.0,stl,급증/급감,11.6175
외국인방문객수,20220720,329.0,stl,급증/급감,4.0944
외국인방문객수,20220722,166.0,stl,급증/급감,4.4751
외국인방문객수,20220724,298.0,stl,급증/급감,4.8903
외국인방문객수,20220727,202.0,stl,급증/급감,4.2447
외국인방문객수,20220728,130.0,stl,급증/급감,5.9493
외국인방문객수,20220801,143.0,stl,급증/급감,5.1292
외국인방문객수,20220802,372.0,stl,급증/급감,10.2435
외국인방문객수,20220809,251.0,stl,급증/급감,6.3496
외국인방문객수,20220811,313.0,stl,급증/급감,5.2523
외국인방문객수,20220826,427.0,stl,급증/급감,5.309
외국인방문객수,20220903,103.0,stl,급증/급감,6.7288
외국인방문객수,20220905,31.0,stl,급증/급감,23.2215
외국인방문객수,20220906,51.0,stl,급증/급감,14.8192
외국인방문객수,20220909,762.0,stl,급증/급감,13.3064
외국인방문객수,20220910,342.0,stl,급증/급감,9.411
외국인방문객수,20220915,192.0,stl,급증/급감,5.9605
외국인방문객수,20220919,112.0,stl,급증/급감,6.0293
외국인방문객수,20220923,519.0,stl,급증/급감,3.9278
외국인방문객수,20220926,298.0,stl,급증/급감,5.0402
외국인방문객수,20221006,190.0,stl,급증/급감,8.1234
외국인방문객수,20221025,186.0,stl,급증/급감,4.3815
외국인방문객수,20221029,167.0,stl,급증/급감,9.2002
외국인방문객수,20221101,181.0,stl,급증/급감,6.8365
외국인방문객수,20221105,539.0,stl,급증/급감,4.5687
외국인방문객수,20221110,592.0,stl,급증/급감,8.6555
외국인방문객수,20221115,436.0,stl,급증/급감,3.4589
외국인방문객수,20221122,280.0,stl,급증/급감,4.9573
외국인방문객수,20221124,868.0,stl,급증/급감,13.4533
외국인방문객수,20221125,984.0,stl,급증/급감,7.6507
외국인방문객수,20221130,688.0,stl,급증/급감,4.2364
외국인방문객수,20221216,852.0,stl,급증/급감,3.1669
외국인방문객수,20221217,579.0,stl,급증/급감,4.424
외국인방문객수,20221222,246.0,stl,급증/급감,6.202
외국인방문객수,20221223,234.0,stl,급증/급감,17.5631
외국인방문객수,20221231,978.0,stl,급증/급감,4.3365
외국인방문객수,20230103,647.0,stl,급증/급감,6.6025
외국인방문객수,20230110,599.0,stl,급증/급감,5.435
외국인방문객수,20230121,851.0,stl,급증/급감,6.5923
외국인방문객수,20230122,530.0,stl,급증/급감,4.73
외국인방문객수,20230123,529.0,stl,급증/급감,5.3282
외국인방문객수,20230124,10.0,stl,급증/급감,57.4187
외국인방문객수,20230125,796.0,stl,급증/급감,6.6418
외국인방문객수,20230209,221.0,stl,급증/급감,4.3766
외국인방문객수,20230213,243.0,stl,급증/급감,4.0582
외국인방문객수,20230220,267.0,stl,급증/급감,4.7153
외국인방문객수,20230225,1059.0,stl,급증/급감,6.1967
외국인방문객수,20230316,860.0,stl,급증/급감,10.4428
외국인방문객수,20230317,1409.0,stl,급증/급감,7.5763
외국인방문객수,20230319,2162.0,stl,급증/급감,15.5555
외국인방문객수,20230320,516.0,stl,급증/급감,5.8374
외국인방문객수,20230322,772.0,stl,급증/급감,6.0547
외국인방문객수,20230323,479.0,stl,급증/급감,8.6042
외국인방문객수,20230324,2804.0,stl,급증/급감,10.8024
외국인방문객수,20230327,2933.0,stl,급증/급감,16.7139
외국인방문객수,20230404,1772.0,stl,급증/급감,5.9988
외국인방문객수,20230418,1075.0,stl,급증/급감,4.2214
외국인방문객수,20230429,2008.0,stl,급증/급감,4.8058
외국인방문객수,20230504,1084.0,stl,급증/급감,3.6791
외국인방문객수,20230505,1086.0,stl,급증/급감,6.4958
외국인방문객수,20230507,1161.0,stl,급증/급감,3.4412
외국인방문객수,20230510,3504.0,stl,급증/급감,15.221
외국인방문객수,20230530,5078.0,stl,급증/급감,17.3215
외국인방문객수,20230609,4773.0,stl,급증/급감,14.9686
외국인방문객수,20230610,3982.0,stl,급증/급감,11.6383
외국인방문객수,20230617,4940.0,stl,급증/급감,14.5884
외국인방문객수,20230621,2719.0,stl,급증/급감,3.2617
외국인방문객수,20230702,4682.0,stl,급증/급감,12.279
외국인방문객수,20230704,5662.0,stl,급증/급감,14.0812
외국인방문객수,20230707,4749.0,stl,급증/급감,12.071
외국인방문객수,20230717,4742.0,stl,급증/급감,12.624
외국인방문객수,20230722,4786.0,stl,급증/급감,8.506
외국인방문객수,20230729,6727.0,stl,급증/급감,12.9324
외국인방문객수,20230809,1379.0,stl,급증/급감,10.5897
외국인방문객수,20230810,2193.0,stl,급증/급감,3.9231
외국인방문객수,20230811,3132.0,stl,급증/급감,4.2718
외국인방문객수,20230814,6957.0,stl,급증/급감,17.6901
외국인방문객수,20230904,2585.0,stl,급증/급감,4.4801
외국인방문객수,20230916,2991.0,stl,급증/급감,3.8363
외국인방문객수,20230917,5811.0,stl,급증/급감,11.6119
외국인방문객수,20230922,2395.0,stl,급증/급감,5.2181
외국인방문객수,20230930,4480.0,stl,급증/급감,7.6083
외국인방문객수,20231003,3946.0,stl,급증/급감,5.6825
외국인방문객수,20231004,4155.0,stl,급증/급감,6.8693
외국인방문객수,20231006,1832.0,stl,급증/급감,7.2468
외국인방문객수,20231008,5195.0,stl,급증/급감,11.4349
외국인방문객수,20231013,4731.0,stl,급증/급감,10.0903
외국인방문객수,20231018,4083.0,stl,급증/급감,9.0754
외국인방문객수,20231023,4801.0,stl,급증/급감,15.4368
외국인방문객수,20231027,3531.0,stl,급증/급감,8.143
외국인방문객수,20231028,4900.0,stl,급증/급감,9.879
외국인방문객수,20231031,1661.0,stl,급증/급감,6.2038
외국인방문객수,20231102,5290.0,stl,급증/급감,10.5277
외국인방문객수,20231105,1783.0,stl,급증/급감,4.2703
외국인방문객수,20231111,2250.0,stl,급증/급감,4.472
외국인방문객수,20231112,5240.0,stl,급증/급감,13.4572
외국인방문객수,20231113,3281.0,stl,급증/급감,9.9935
외국인방문객수,20231117,1410.0,stl,급증/급감,6.7281
외국인방문객수,20231122,2662.0,stl,급증/급감,6.1418
외국인방문객수,20231123,2169.0,stl,급증/급감,4.3772
외국인방문객수,20231127,2184.0,stl,급증/급감,6.9432
외국인방문객수,20231129,3926.0,stl,급증/급감,12.4803
외국인방문객수,20231202,2942.0,stl,급증/급감,3.5751
외국인방문객수,20231207,2922.0,stl,급증/급감,9.9557
외국인방문객수,20231208,3438.0,stl,급증/급감,7.3729
외국인방문객수,20231212,2501.0,stl,급증/급감,8.725
외국인방문객수,20231216,1624.0,stl,급증/급감,8.3878
외국인방문객수,20231218,2836.0,stl,급증/급감,8.5283
외국인방문객수,20231223,4915.0,stl,급증/급감,4.8774
외국인방문객수,20231227,4361.0,stl,급증/급감,11.9394
외국인방문객수,20231228,7209.0,stl,급증/급감,18.9474
외국인방문객수,20231229,3227.0,stl,급증/급감,5.1532
외국인방문객수,20240102,4371.0,stl,급증/급감,14.6756
외국인방문객수,20240108,4703.0,stl,급증/급감,13.8854
외국인방문객수,20240112,7065.0,stl,급증/급감,14.9365
외국인방문객수,20240116,3880.0,stl,급증/급감,10.9875
외국인방문객수,20240117,6103.0,stl,급증/급감,13.5152
외국인방문객수,20240121,7875.0,stl,급증/급감,15.6546
외국인방문객수,20240122,1544.0,stl,급증/급감,8.1906
외국인방문객수,20240123,1000.0,stl,급증/급감,11.7197
외국인방문객수,20240125,6425.0,stl,급증/급감,12.0833
외국인방문객수,20240131,4358.0,stl,급증/급감,5.8062
외국인방문객수,20240202,6447.0,stl,급증/급감,7.8406
외국인방문객수,20240206,7728.0,stl,급증/급감,17.4778
외국인방문객수,20240209,2966.0,stl,급증/급감,6.7079
외국인방문객수,20240210,5072.0,stl,급증/급감,7.4716
외국인방문객수,20240213,7466.0,stl,급증/급감,10.6906
외국인방문객수,20240218,2236.0,stl,급증/급감,5.1208
외국인방문객수,20240219,7339.0,stl,급증/급감,13.5481
외국인방문객수,20240220,2256.0,stl,급증/급감,8.6929
외국인방문객수,20240223,6412.0,stl,급증/급감,7.2479
외국인방문객수,20240302,7144.0,stl,급증/급감,14.7378
외국인방문객수,20240303,3864.0,stl,급증/급감,5.3973
외국인방문객수,20240305,2328.0,stl,급증/급감,5.3812
외국인방문객수,20240306,6974.0,stl,급증/급감,11.1819
외국인방문객수,20240310,8403.0,stl,급증/급감,14.8952
외국인방문객수,20240312,2569.0,stl,급증/급감,3.4836
외국인방문객수,20240314,7483.0,stl,급증/급감,13.8675
외국인방문객수,20240321,9864.0,stl,급증/급감,14.158
외국인방문객수,20240322,5949.0,stl,급증/급감,9.4072
외국인방문객수,20240323,8218.0,stl,급증/급감,6.848
외국인방문객수,20240324,3717.0,stl,급증/급감,5.9632
외국인방문객수,20240326,3057.0,stl,급증/급감,8.0016
외국인방문객수,20240328,3336.0,stl,급증/급감,11.4915
외국인방문객수,20240330,10783.0,stl,급증/급감,5.2944
외국인방문객수,20240401,2597.0,stl,급증/급감,11.1164
외국인방문객수,20240403,12714.0,stl,급증/급감,4.0803
외국인방문객수,20240405,6246.0,stl,급증/급감,7.8237
외국인방문객수,20240409,3078.0,stl,급증/급감,8.0132
외국인방문객수,20240410,3647.0,stl,급증/급감,12.9642
외국인방문객수,20240412,2607.0,stl,급증/급감,6.7366
외국인방문객수,20240413,4889.0,stl,급증/급감,8.1572
외국인방문객수,20240415,2578.0,stl,급증/급감,9.7612
외국인방문객수,20240416,8954.0,stl,급증/급감,8.4832
외국인방문객수,20240417,4322.0,stl,급증/급감,8.4961
외국인방문객수,20240419,2648.0,stl,급증/급감,5.0082
외국인방문객수,20240420,3596.0,stl,급증/급감,8.5503
외국인방문객수,20240422,7400.0,stl,급증/급감,3.8552
외국인방문객수,20240427,11395.0,stl,급증/급감,10.9041
외국인방문객수,20240429,3594.0,stl,급증/급감,11.0809
외국인방문객수,20240430,6618.0,stl,급증/급감,9.0917
외국인방문객수,20240501,11528.0,stl,급증/급감,11.0714
외국인방문객수,20240502,3818.0,stl,급증/급감,6.5862
외국인방문객수,20240503,8580.0,stl,급증/급감,11.0726
외국인방문객수,20240510,7951.0,stl,급증/급감,6.2085
외국인방문객수,20240511,3783.0,stl,급증/급감,5.2342
외국인방문객수,20240512,7060.0,stl,급증/급감,11.5437
외국인방문객수,20240515,8355.0,stl,급증/급감,6.1332
외국인방문객수,20240516,3641.0,stl,급증/급감,7.992
외국인방문객수,20240520,3138.0,stl,급증/급감,15.5796
외국인방문객수,20240521,8034.0,stl,급증/급감,8.1333
외국인방문객수,20240523,10587.0,stl,급증/급감,6.4634
외국인방문객수,20240524,3345.0,stl,급증/급감,9.7442
외국인방문객수,20240525,3761.0,stl,급증/급감,9.1
외국인방문객수,20240526,3649.0,stl,급증/급감,3.5723
외국인방문객수,20240529,3713.0,stl,급증/급감,7.8868
외국인방문객수,20240531,7803.0,stl,급증/급감,4.6534
외국인방문객수,20240601,5735.0,stl,급증/급감,4.5257
외국인방문객수,20240603,3245.0,stl,급증/급감,15.8864
외국인방문객수,20240604,8501.0,stl,급증/급감,4.7638
외국인방문객수,20240606,3973.0,stl,급증/급감,7.8932
외국인방문객수,20240609,3494.0,stl,급증/급감,6.2067
외국인방문객수,20240610,10178.0,stl,급증/급감,3.825
외국인방문객수,20240612,9836.0,stl,급증/급감,9.7903
외국인방문객수,20240613,3602.0,stl,급증/급감,3.3176
외국인방문객수,20240616,12243.0,stl,급증/급감,16.244
외국인방문객수,20240620,11216.0,stl,급증/급감,17.5987
외국인방문객수,20240621,7411.0,stl,급증/급감,8.5377
외국인방문객수,20240624,3298.0,stl,급증/급감,5.2177
외국인방문객수,20240625,8457.0,stl,급증/급감,7.7016
외국인방문객수,20240705,3930.0,stl,급증/급감,6.6985
외국인방문객수,20240707,9985.0,stl,급증/급감,11.7782
외국인방문객수,20240708,7564.0,stl,급증/급감,11.1245
외국인방문객수,20240715,5764.0,stl,급증/급감,7.516
외국인방문객수,20240717,11814.0,stl,급증/급감,8.4403
외국인방문객수,20240719,4275.0,stl,급증/급감,6.031
외국인방문객수,20240723,8547.0,stl,급증/급감,5.2524
외국인방문객수,20240724,3903.0,stl,급증/급감,9.6238
외국인방문객수,20240726,9300.0,stl,급증/급감,3.7026
외국인방문객수,20240804,10325.0,stl,급증/급감,4.5821
외국인방문객수,20240808,7939.0,stl,급증/급감,6.4828
외국인방문객수,20240809,10437.0,stl,급증/급감,6.8462
외국인방문객수,20240813,4770.0,stl,급증/급감,6.2275
외국인방문객수,20240814,11913.0,stl,급증/급감,9.9261
외국인방문객수,20240817,9024.0,stl,급증/급감,8.418
외국인방문객수,20240818,4489.0,stl,급증/급감,5.5419
외국인방문객수,20240821,9590.0,stl,급증/급감,8.6165
외국인방문객수,20240826,8917.0,stl,급증/급감,8.791
외국인방문객수,20240831,5443.0,stl,급증/급감,3.0472
외국인방문객수,20240902,8310.0,stl,급증/급감,8.1965
외국인방문객수,20240903,4339.0,stl,급증/급감,4.4079
외국인방문객수,20240904,9597.0,stl,급증/급감,11.2177
외국인방문객수,20240908,10456.0,stl,급증/급감,11.2737
외국인방문객수,20240911,3086.0,stl,급증/급감,4.528
외국인방문객수,20240914,6256.0,stl,급증/급감,6.6578
외국인방문객수,20240915,10137.0,stl,급증/급감,10.0347
외국인방문객수,20240917,3477.0,stl,급증/급감,3.5326
외국인방문객수,20240920,11452.0,stl,급증/급감,14.6037
외국인방문객수,20240922,3916.0,stl,급증/급감,5.5921
외국인방문객수,20240924,13463.0,stl,급증/급감,14.649
외국인방문객수,20240925,5800.0,stl,급증/급감,4.1281
외국인방문객수,20240926,4284.0,stl,급증/급감,5.3761
외국인방문객수,20241003,10319.0,stl,급증/급감,8.6059
외국인방문객수,20241006,3454.0,stl,급증/급감,9.6607
외국인방문객수,20241007,4483.0,stl,급증/급감,4.6164
외국인방문객수,20241011,5843.0,stl,급증/급감,4.0896
외국인방문객수,20241012,4014.0,stl,급증/급감,3.5745
외국인방문객수,20241017,8325.0,stl,급증/급감,8.6372
외국인방문객수,20241019,9969.0,stl,급증/급감,7.0819
외국인방문객수,20241020,3509.0,stl,급증/급감,5.6761
외국인방문객수,20241022,3012.0,stl,급증/급감,6.948
외국인방문객수,20241025,9826.0,stl,급증/급감,10.8131
외국인방문객수,20241030,2610.0,stl,급증/급감,5.2021
외국인방문객수,20241101,2287.0,stl,급증/급감,11.168
외국인방문객수,20241103,2937.0,stl,급증/급감,3.2635
외국인방문객수,20241104,3744.0,stl,급증/급감,10.0153
외국인방문객수,20241106,5962.0,stl,급증/급감,7.8888
외국인방문객수,20241107,2494.0,stl,급증/급감,5.3401
외국인방문객수,20241112,3972.0,stl,급증/급감,4.586
외국인방문객수,20241114,7138.0,stl,급증/급감,12.7882
외국인방문객수,20241116,6045.0,stl,급증/급감,6.764
외국인방문객수,20241120,7355.0,stl,급증/급감,15.2994
외국인방문객수,20241122,6223.0,stl,급증/급감,10.0138
외국인방문객수,20241124,4095.0,stl,급증/급감,9.6624
외국인방문객수,20241125,2366.0,stl,급증/급감,7.5826
외국인방문객수,20241201,3771.0,stl,급증/급감,9.1614
외국인방문객수,20241205,3861.0,stl,급증/급감,5.2178
외국인방문객수,20241207,4163.0,stl,급증/급감,6.4371
외국인방문객수,20241211,2448.0,stl,급증/급감,4.2982
외국인방문객수,20241216,2730.0,stl,급증/급감,5.1986
외국인방문객수,20241218,4620.0,stl,급증/급감,4.7861
외국인방문객수,20241222,7609.0,stl,급증/급감,15.8265
외국인방문객수,20241226,5360.0,stl,급증/급감,12.8584
외국인방문객수,20241227,4538.0,stl,급증/급감,5.1763
외국인방문객수,20241230,4276.0,stl,급증/급감,5.7463
외국인방문객수,20250107,1971.0,stl,급증/급감,8.3604
외국인방문객수,20250109,882.0,stl,급증/급감,16.3247
외국인방문객수,20250116,5972.0,stl,급증/급감,9.365
외국인방문객수,20250118,2916.0,stl,급증/급감,9.0419
외국인방문객수,20250121,7182.0,stl,급증/급감,11.5505
외국인방문객수,20250129,8521.0,stl,급증/급감,8.0869
외국인방문객수,20250130,5422.0,stl,급증/급감,4.4077
외국인방문객수,20250202,3247.0,stl,급증/급감,4.8973
외국인방문객수,20250203,9008.0,stl,급증/급감,15.8041
외국인방문객수,20250205,3492.0,stl,급증/급감,7.3114
외국인방문객수,20250206,2516.0,stl,급증/급감,6.7639
외국인방문객수,20250207,4472.0,stl,급증/급감,3.9978
외국인방문객수,20250211,6665.0,stl,급증/급감,13.5089
외국인방문객수,20250213,1975.0,stl,급증/급감,10.4791
외국인방문객수,20250215,5626.0,stl,급증/급감,10.1635
외국인방문객수,20250216,2007.0,stl,급증/급감,7.8983
외국인방문객수,20250219,7621.0,stl,급증/급감,5.0988
외국인방문객수,20250223,6152.0,stl,급증/급감,9.064
외국인방문객수,20250225,3337.0,stl,급증/급감,5.0145
외국인방문객수,20250226,2662.0,stl,급증/급감,8.1856
외국인방문객수,20250227,6964.0,stl,급증/급감,9.2721
외국인방문객수,20250228,4106.0,stl,급증/급감,4.6655
외국인방문객수,20250303,1025.0,stl,급증/급감,12.1466
외국인방문객수,20250306,7268.0,stl,급증/급감,8.4057
외국인방문객수,20250307,7522.0,stl,급증/급감,11.8011
외국인방문객수,20250311,6295.0,stl,급증/급감,12.6569
외국인방문객수,20250312,5814.0,stl,급증/급감,5.5755
외국인방문객수,20250317,4605.0,stl,급증/급감,9.3298
외국인방문객수,20250320,7244.0,stl,급증/급감,11.163
외국인방문객수,20250321,5598.0,stl,급증/급감,6.4365
외국인방문객수,20250322,7287.0,stl,급증/급감,14.2139
외국인방문객수,20250323,6616.0,stl,급증/급감,7.323
외국인방문객수,20250324,8007.0,stl,급증/급감,9.2604
외국인방문객수,20250325,3208.0,stl,급증/급감,7.4407
외국인방문객수,20250326,3898.0,stl,급증/급감,10.2627
외국인방문객수,20250329,6539.0,stl,급증/급감,3.4079
외국인방문객수,20250330,3981.0,stl,급증/급감,7.8422
외국인방문객수,20250401,7634.0,stl,급증/급감,4.98
외국인방문객수,20250411,4111.0,stl,급증/급감,11.7106
외국인방문객수,20250413,9098.0,stl,급증/급감,4.5843
외국인방문객수,20250417,8606.0,stl,급증/급감,6.9148
외국인방문객수,20250421,8864.0,stl,급증/급감,10.6309
외국인방문객수,20250422,7995.0,stl,급증/급감,6.1567
외국인방문객수,20250423,4033.0,stl,급증/급감,4.8178
외국인방문객수,20250501,9542.0,stl,급증/급감,5.6441
외국인방문객수,20250505,3417.0,stl,급증/급감,10.0282
외국인방문객수,20250507,3892.0,stl,급증/급감,7.1306
외국인방문객수,20250509,3958.0,stl,급증/급감,5.9474
외국인방문객수,20250510,15537.0,iqr,극단치,0.3809
외국인방문객수,20250510,15537.0,stl,급증/급감,17.9955
외국인방문객수,20250510,15537.0,zscore,극단치,3.2561
외국인방문객수,20250511,4285.0,stl,급증/급감,11.6654
외국인방문객수,20250514,10846.0,stl,급증/급감,7.7319
외국인방문객수,20250517,6530.0,stl,급증/급감,5.8802
외국인방문객수,20250518,12005.0,stl,급증/급감,4.8749
외국인방문객수,20250519,3983.0,stl,급증/급감,9.0464
외국인방문객수,20250520,4085.0,stl,급증/급감,3.6124
외국인방문객수,20250522,9915.0,stl,급증/급감,10.6943
외국인방문객수,20250523,6547.0,stl,급증/급감,6.4637
외국인방문객수,20250526,9804.0,stl,급증/급감,4.6852
외국인방문객수,20250530,13717.0,iqr,극단치,0.0341
외국인방문객수,20250530,13717.0,stl,급증/급감,16.8127
외국인방문객수,20250601,4936.0,stl,급증/급감,5.5817
외국인방문객수,20250603,8257.0,stl,급증/급감,4.9194
외국인방문객수,20250604,10493.0,stl,급증/급감,3.3777
외국인방문객수,20250607,5602.0,stl,급증/급감,4.2266
외국인방문객수,20250609,6220.0,stl,급증/급감,7.2608
외국인방문객수,20250616,4461.0,stl,급증/급감,10.8508
외국인방문객수,20250617,8722.0,stl,급증/급감,3.3213
외국인방문객수,20250619,5892.0,stl,급증/급감,4.2236
외국인방문객수,20250624,4732.0,stl,급증/급감,5.475
외국인방문객수,20250628,4536.0,stl,급증/급감,10.3218
외국인방문객수,20250629,10347.0,stl,급증/급감,6.5725
외국인방문객수,20250702,5621.0,stl,급증/급감,4.9644
외국인방문객수,20250703,11087.0,stl,급증/급감,6.3695
외국인방문객수,20250705,12106.0,stl,급증/급감,7.776
외국인방문객수,20250707,10561.0,stl,급증/급감,8.2257
외국인방문객수,20250708,12245.0,stl,급증/급감,12.951
외국인방문객수,20250711,10160.0,stl,급증/급감,5.4871
외국인방문객수,20250713,5653.0,stl,급증/급감,4.3533
외국인방문객수,20250718,5339.0,stl,급증/급감,8.7763
외국인방문객수,20250721,6893.0,stl,급증/급감,4.5827
외국인방문객수,20250723,13959.0,iqr,극단치,0.0802
외국인방문객수,20250723,13959.0,stl,급증/급감,4.3647
외국인방문객수,20250724,6086.0,stl,급증/급감,5.601
외국인방문객수,20250727,8230.0,stl,급증/급감,4.3931
외국인방문객수,20250806,12723.0,stl,급증/급감,7.1232
외국인방문객수,20250807,5046.0,stl,급증/급감,4.3677
외국인방문객수,20250808,9160.0,stl,급증/급감,5.7731
외국인방문객수,20250809,5383.0,stl,급증/급감,3.9707
외국인방문객수,20250810,10658.0,stl,급증/급감,8.8737
외국인방문객수,20250812,6709.0,stl,급증/급감,3.8587
외국인방문객수,20250813,5540.0,stl,급증/급감,6.1571
외국인방문객수,20250814,9995.0,stl,급증/급감,5.5809
외국인방문객수,20250818,10956.0,stl,급증/급감,3.9414
외국인방문객수,20250825,5514.0,stl,급증/급감,6.8815
외국인방문객수,20250826,12432.0,stl,급증/급감,8.5958
외국인방문객수,20250828,4661.0,stl,급증/급감,5.5483
외국인방문객수,20250831,11571.0,stl,급증/급감,9.4542
외국인방문객수,20250902,4699.0,stl,급증/급감,7.434
외국인방문객수,20250903,4924.0,stl,급증/급감,7.5121
외국인방문객수,20250904,14404.0,iqr,극단치,0.165
외국인방문객수,20250904,14404.0,stl,급증/급감,14.4453
외국인방문객수,20250905,6901.0,stl,급증/급감,4.5166
외국인방문객수,20250912,10340.0,stl,급증/급감,9.686
외국인방문객수,20250916,11800.0,stl,급증/급감,7.7345
외국인방문객수,20250917,4955.0,stl,급증/급감,5.961
외국인방문객수,20250920,11855.0,stl,급증/급감,5.3153
외국인방문객수,20250924,9656.0,stl,급증/급감,4.8649
외국인방문객수,20250925,9139.0,stl,급증/급감,11.0461
외국인방문객수,20250927,5162.0,stl,급증/급감,4.9588
외국인방문객수,20250928,10008.0,stl,급증/급감,10.7626
외국인방문객수,20251003,5281.0,stl,급증/급감,4.3187
외국인방문객수,20251006,4269.0,stl,급증/급감,3.6135
외국인방문객수,20251009,8957.0,stl,급증/급감,9.6136
외국인방문객수,20251013,9705.0,stl,급증/급감,6.9514
외국인방문객수,20251017,15491.0,iqr,극단치,0.3721
외국인방문객수,20251017,15491.0,stl,급증/급감,7.8692
외국인방문객수,20251017,15491.0,zscore,극단치,3.2431
외국인방문객수,20251018,9839.0,stl,급증/급감,6.7861
외국인방문객수,20251024,12094.0,stl,급증/급감,4.777
외국인방문객수,20251026,8031.0,stl,급증/급감,4.8021
외국인방문객수,20251027,3357.0,stl,급증/급감,8.4365
외국인방문객수,20251030,8529.0,stl,급증/급감,10.9295
외국인방문객수,20251101,3505.0,stl,급증/급감,5.33
외국인방문객수,20251103,8409.0,stl,급증/급감,8.421
외국인방문객수,20251104,3368.0,stl,급증/급감,9.014
외국인방문객수,20251107,10852.0,stl,급증/급감,9.8458
외국인방문객수,20251109,9222.0,stl,급증/급감,10.8671
외국인방문객수,20251111,3236.0,stl,급증/급감,10.1081
외국인방문객수,20251112,9522.0,stl,급증/급감,16.3626
외국인방문객수,20251113,9764.0,stl,급증/급감,15.653
외국인방문객수,20251115,7371.0,stl,급증/급감,7.8533
외국인방문객수,20251116,3310.0,stl,급증/급감,3.3848
외국인방문객수,20251122,8286.0,stl,급증/급감,8.4352
외국인방문객수,20251128,6862.0,stl,급증/급감,8.7466
외국인방문객수,20251129,3323.0,stl,급증/급감,4.742
외국인방문객수,20251209,3291.0,stl,급증/급감,7.8712
외국인방문객수,20251214,4971.0,stl,급증/급감,3.3801
외국인방문객수,20251227,5421.0,stl,급증/급감,4.2621
외국인방문객수,20251231,7707.0,stl,급증/급감,10.3784
외국인방문객수,20260108,5708.0,stl,급증/급감,4.8299
외국인방문객수,20260116,6508.0,stl,급증/급감,6.9302
외국인방문객수,20260120,5018.0,stl,급증/급감,5.3188
외국인방문객수,20260124,6538.0,stl,급증/급감,6.0712
외국인방문객수,20260128,8828.0,stl,급증/급감,10.1892
외국인방문객수,20260201,9939.0,stl,급증/급감,5.5835
외국인방문객수,20260205,6883.0,stl,급증/급감,6.9288
외국인방문객수,20260208,4613.0,stl,급증/급감,6.4122
외국인방문객수,20260209,9646.0,stl,급증/급감,12.1454
외국인방문객수,20260214,6797.0,stl,급증/급감,7.2921
외국인방문객수,20260219,8388.0,stl,급증/급감,10.0135
외국인방문객수,20260220,11687.0,stl,급증/급감,8.8435
외국인방문객수,20260224,4100.0,stl,급증/급감,3.9657
외국인방문객수,20260301,3839.0,stl,급증/급감,11.0025
외국인방문객수,20260302,3229.0,stl,급증/급감,8.08
외국인방문객수,20260306,11318.0,stl,급증/급감,5.2313
외국인방문객수,20260308,4398.0,stl,급증/급감,10.4375
외국인방문객수,20260309,5001.0,stl,급증/급감,4.2015
외국인방문객수,20260313,4753.0,stl,급증/급감,6.8581
외국인방문객수,20260314,7193.0,stl,급증/급감,4.2135
외국인방문객수,20260317,4223.0,stl,급증/급감,8.5052
외국인방문객수,20260324,4492.0,stl,급증/급감,6.9872
외국인방문객수,20260325,4938.0,stl,급증/급감,4.3058
외국인방문객수,20260326,7871.0,stl,급증/급감,7.0415
외국인방문객수,20260329,5178.0,stl,급증/급감,8.0151
외국인방문객수,20260403,10803.0,stl,급증/급감,8.7689
외국인방문객수,20260408,10626.0,stl,급증/급감,4.8563
외국인방문객수,20260411,8355.0,stl,급증/급감,5.4569
외국인방문객수,20260412,5575.0,stl,급증/급감,9.3929
외국인방문객수,20260413,6114.0,stl,급증/급감,7.5691
외국인방문객수,20260416,11957.0,stl,급증/급감,10.3184
외국인방문객수,20260419,13511.0,stl,급증/급감,4.1845
외국인방문객수,20260420,5315.0,stl,급증/급감,8.5743
외국인방문객수,20260425,8423.0,stl,급증/급감,6.9615
외국인방문객수,20260430,5860.0,stl,급증/급감,3.1311
외국인방문객수,20260501,11196.0,stl,급증/급감,5.2442
외국인방문객수,20260503,14406.0,iqr,극단치,0.1654
외국인방문객수,20260503,14406.0,stl,급증/급감,6.0906
외국인방문객수,20260508,5414.0,stl,급증/급감,4.9308
외국인방문객수,20260511,6932.0,stl,급증/급감,5.2723
외국인방문객수,20260516,9870.0,stl,급증/급감,5.9529
외국인방문객수,20260517,5486.0,stl,급증/급감,5.4566
외국인방문객수,20260519,10027.0,stl,급증/급감,5.4703
외국인방문객수,20260520,5030.0,stl,급증/급감,7.3488
외국인방문객수,20260521,5146.0,stl,급증/급감,11.7454
외국인방문객수,20260525,4754.0,stl,급증/급감,14.7459
외국인방문객수,20260526,5030.0,stl,급증/급감,6.337
외국인방문객수,20260528,13089.0,stl,급증/급감,5.0201
외국인방문객수,20260530,5574.0,stl,급증/급감,7.1728
외국인방문객수,20260531,9847.0,stl,급증/급감,4.3982
외국인방문객수,20260605,6292.0,stl,급증/급감,4.9346
외국인방문객수,20260608,7240.0,stl,급증/급감,5.9365
외국인방문객수,20260609,12017.0,stl,급증/급감,7.9839
외국인방문객수,20260619,11926.0,stl,급증/급감,4.4902
외국인방문객수,20260620,5783.0,stl,급증/급감,7.8434
외국인방문객수,20260621,11299.0,stl,급증/급감,10.2941
외국인방문객수,20260622,11827.0,stl,급증/급감,6.0635
외국인방문객수,20260627,5872.0,stl,급증/급감,8.7794
외국인방문객수,20260628,8109.0,stl,급증/급감,4.6143
외국인방문객수,20260703,5726.0,stl,급증/급감,6.9353
외국인방문객수,20260707,12911.0,stl,급증/급감,7.1296
외국인방문객수,20260711,13011.0,stl,급증/급감,4.3376
외국인방문객수,20260714,12800.0,stl,급증/급감,8.9501
외국인방문객수,20260715,9676.0,stl,급증/급감,6.5994
외국인방문객수,20260717,11759.0,stl,급증/급감,7.2653
외국인방문객수,20260719,13360.0,stl,급증/급감,12.6671
외국인방문객수,20260723,10465.0,stl,급증/급감,7.0988
외국인방문객수,20260727,13249.0,stl,급증/급감,12.927
외국인방문객수,20260805,12710.0,stl,급증/급감,3.1646
외국인방문객수,20260808,6578.0,stl,급증/급감,10.2216
외국인방문객수,20260811,6909.0,stl,급증/급감,4.7611
외국인방문객수,20260813,10496.0,stl,급증/급감,4.8449
외국인방문객수,20260822,13564.0,iqr,극단치,0.0049
외국인방문객수,20260822,13564.0,stl,급증/급감,5.7415
외국인방문객수,20260823,6828.0,stl,급증/급감,4.1365
외국인방문객수,20260824,13286.0,stl,급증/급감,12.8778
외국인방문객수,20260825,6723.0,stl,급증/급감,6.149
외국인방문객수,20260828,10326.0,stl,급증/급감,6.3451
전체방문객수,20130101,17010.0,iqr,극단치,0.1631
전체방문객수,20130101,17010.0,iqr_log,극단치,1.0714
전체방문객수,20130102,22121.0,iqr_log,극단치,0.0303
전체방문객수,20130102,22121.0,stl,급증/급감,7.4573
전체방문객수,20130104,20604.0,iqr_log,극단치,0.3118
전체방문객수,20130105,20286.0,iqr_log,극단치,0.3735
전체방문객수,20130105,20286.0,stl,급증/급감,9.4873
전체방문객수,20130106,17811.0,iqr,극단치,0.0773
전체방문객수,20130106,17811.0,iqr_log,극단치,0.8891
전체방문객수,20130107,21620.0,iqr_log,극단치,0.1211
전체방문객수,20130108,17749.0,iqr,극단치,0.084
전체방문객수,20130108,17749.0,iqr_log,극단치,0.9029
전체방문객수,20130109,17566.0,iqr,극단치,0.1036
전체방문객수,20130109,17566.0,iqr_log,극단치,0.9439
전체방문객수,20130110,21374.0,iqr_log,극단치,0.1664
전체방문객수,20130111,22220.0,iqr_log,극단치,0.0126
전체방문객수,20130113,18432.0,iqr,극단치,0.0109
전체방문객수,20130113,18432.0,iqr_log,극단치,0.7533
전체방문객수,20130114,21314.0,iqr_log,극단치,0.1776
전체방문객수,20130115,19600.0,iqr_log,극단치,0.5098
전체방문객수,20130116,18455.0,iqr,극단치,0.0084
전체방문객수,20130116,18455.0,iqr_log,극단치,0.7483
전체방문객수,20130120,22255.0,iqr_log,극단치,0.0064
전체방문객수,20130121,21885.0,iqr_log,극단치,0.0728
전체방문객수,20130122,18707.0,iqr_log,극단치,0.6946
전체방문객수,20130123,19093.0,iqr_log,극단치,0.6136
전체방문객수,20130126,28453.0,stl,급증/급감,6.1611
전체방문객수,20130127,20913.0,iqr_log,극단치,0.2528
전체방문객수,20130128,21145.0,iqr_log,극단치,0.2091
전체방문객수,20130129,18267.0,iqr,극단치,0.0285
전체방문객수,20130129,18267.0,iqr_log,극단치,0.7889
전체방문객수,20130130,15699.0,iqr,극단치,0.3034
전체방문객수,20130130,15699.0,iqr_log,극단치,1.3892
전체방문객수,20130130,15699.0,stl,급증/급감,6.6963
전체방문객수,20130131,18361.0,iqr,극단치,0.0185
전체방문객수,20130131,18361.0,iqr_log,극단치,0.7685
전체방문객수,20130131,18361.0,stl,급증/급감,6.6908
전체방문객수,20130201,18127.0,iqr,극단치,0.0435
전체방문객수,20130201,18127.0,iqr_log,극단치,0.8194
전체방문객수,20130201,18127.0,stl,급증/급감,9.7768
전체방문객수,20130202,20467.0,iqr_log,극단치,0.3383
전체방문객수,20130202,20467.0,stl,급증/급감,3.2726
전체방문객수,20130203,13572.0,iqr,극단치,0.531
전체방문객수,20130203,13572.0,iqr_log,극단치,1.9661
전체방문객수,20130203,13572.0,mzscore,극단치,3.5599
전체방문객수,20130203,13572.0,stl,급증/급감,16.041
전체방문객수,20130204,13841.0,iqr,극단치,0.5022
전체방문객수,20130204,13841.0,iqr_log,극단치,1.8883
전체방문객수,20130204,13841.0,mzscore,극단치,3.5202
전체방문객수,20130204,13841.0,stl,급증/급감,16.5957
전체방문객수,20130205,12200.0,iqr,극단치,0.6779
전체방문객수,20130205,12200.0,iqr_log,극단치,2.3884
전체방문객수,20130205,12200.0,mzscore,극단치,3.7625
전체방문객수,20130205,12200.0,stl,급증/급감,19.1723
전체방문객수,20130205,12200.0,zscore,극단치,3.1412
전체방문객수,20130207,20364.0,iqr_log,극단치,0.3583
전체방문객수,20130207,20364.0,stl,급증/급감,5.6332
전체방문객수,20130210,19868.0,iqr_log,극단치,0.456
전체방문객수,20130210,19868.0,stl,급증/급감,6.5255
전체방문객수,20130213,26206.0,stl,급증/급감,3.2436
전체방문객수,20130226,25704.0,stl,급증/급감,4.8277
전체방문객수,20130227,30906.0,stl,급증/급감,11.4234
전체방문객수,20130228,31319.0,stl,급증/급감,9.9244
전체방문객수,20130301,34580.0,stl,급증/급감,12.4551
전체방문객수,20130302,18060.0,iqr,극단치,0.0507
전체방문객수,20130302,18060.0,iqr_log,극단치,0.834
전체방문객수,20130302,18060.0,stl,급증/급감,5.123
전체방문객수,20130303,17100.0,iqr,극단치,0.1534
전체방문객수,20130303,17100.0,iqr_log,극단치,1.0505
전체방문객수,20130304,17385.0,iqr,극단치,0.1229
전체방문객수,20130304,17385.0,iqr_log,극단치,0.985
전체방문객수,20130305,14481.0,iqr,극단치,0.4337
전체방문객수,20130305,14481.0,iqr_log,극단치,1.7092
전체방문객수,20130306,14711.0,iqr,극단치,0.4091
전체방문객수,20130306,14711.0,iqr_log,극단치,1.6468
전체방문객수,20130307,19595.0,iqr_log,극단치,0.5108
전체방문객수,20130309,21168.0,iqr_log,극단치,0.2048
전체방문객수,20130310,16722.0,iqr,극단치,0.1939
전체방문객수,20130310,16722.0,iqr_log,극단치,1.1391
전체방문객수,20130311,18874.0,iqr_log,극단치,0.6594
전체방문객수,20130312,15749.0,iqr,극단치,0.298
전체방문객수,20130312,15749.0,iqr_log,극단치,1.3766
전체방문객수,20130313,16056.0,iqr,극단치,0.2652
전체방문객수,20130313,16056.0,iqr_log,극단치,1.3001
전체방문객수,20130314,20947.0,iqr_log,극단치,0.2464
전체방문객수,20130317,19551.0,iqr_log,극단치,0.5197
전체방문객수,20130319,21828.0,iqr_log,극단치,0.0832
전체방문객수,20130320,24280.0,stl,급증/급감,4.1647
전체방문객수,20130402,32646.0,stl,급증/급감,3.2274
전체방문객수,20130406,28540.0,stl,급증/급감,6.1952
전체방문객수,20130414,33921.0,stl,급증/급감,4.8075
전체방문객수,20130501,38623.0,stl,급증/급감,9.6256
전체방문객수,20130505,25026.0,stl,급증/급감,5.7121
전체방문객수,20130515,24989.0,stl,급증/급감,5.3984
전체방문객수,20130516,43085.0,stl,급증/급감,8.9542
전체방문객수,20130517,43597.0,stl,급증/급감,6.4358
전체방문객수,20130518,25326.0,stl,급증/급감,11.071
전체방문객수,20130606,42447.0,stl,급증/급감,8.8526
전체방문객수,20130607,27435.0,stl,급증/급감,6.8437
전체방문객수,20130608,28879.0,stl,급증/급감,7.2413
전체방문객수,20130616,32979.0,stl,급증/급감,3.9042
전체방문객수,20130618,25586.0,stl,급증/급감,5.3324
전체방문객수,20130722,37009.0,stl,급증/급감,3.8655
전체방문객수,20130725,34799.0,stl,급증/급감,6.1221
전체방문객수,20130726,34719.0,stl,급증/급감,5.0911
전체방문객수,20130813,44140.0,stl,급증/급감,7.4465
전체방문객수,20130814,42528.0,stl,급증/급감,4.0543
전체방문객수,20130815,47004.0,stl,급증/급감,6.8652
전체방문객수,20130825,37459.0,stl,급증/급감,4.8877
전체방문객수,20130826,39509.0,stl,급증/급감,3.9656
전체방문객수,20130831,28835.0,stl,급증/급감,5.0405
전체방문객수,20130903,25352.0,stl,급증/급감,5.7469
전체방문객수,20130908,30502.0,stl,급증/급감,3.8908
전체방문객수,20130917,37890.0,stl,급증/급감,8.149
전체방문객수,20130918,45940.0,stl,급증/급감,14.0656
전체방문객수,20130919,40267.0,stl,급증/급감,6.9364
전체방문객수,20130921,30367.0,stl,급증/급감,4.6416
전체방문객수,20130922,33813.0,stl,급증/급감,4.748
전체방문객수,20131003,43885.0,stl,급증/급감,7.7184
전체방문객수,20131005,27705.0,stl,급증/급감,7.996
전체방문객수,20131007,28101.0,stl,급증/급감,4.9708
전체방문객수,20131008,18110.0,iqr,극단치,0.0453
전체방문객수,20131008,18110.0,iqr_log,극단치,0.8231
전체방문객수,20131008,18110.0,stl,급증/급감,16.6198
전체방문객수,20131011,30514.0,stl,급증/급감,4.5265
전체방문객수,20131021,38783.0,stl,급증/급감,4.8852
전체방문객수,20131027,35207.0,stl,급증/급감,4.7433
전체방문객수,20131030,26705.0,stl,급증/급감,4.128
전체방문객수,20131108,38076.0,stl,급증/급감,4.4963
전체방문객수,20131119,22101.0,iqr_log,극단치,0.0339
전체방문객수,20131120,26063.0,stl,급증/급감,4.2982
전체방문객수,20131124,21261.0,iqr_log,극단치,0.1875
전체방문객수,20131125,21954.0,iqr_log,극단치,0.0604
전체방문객수,20131126,18630.0,iqr_log,극단치,0.7109
전체방문객수,20131127,20436.0,iqr_log,극단치,0.3443
전체방문객수,20131128,30494.0,stl,급증/급감,5.3358
전체방문객수,20131129,35311.0,stl,급증/급감,8.558
전체방문객수,20131130,32168.0,stl,급증/급감,6.8543
전체방문객수,20131203,20659.0,iqr_log,극단치,0.3013
전체방문객수,20131204,18585.0,iqr_log,극단치,0.7205
전체방문객수,20131204,18585.0,stl,급증/급감,4.9553
전체방문객수,20131210,20744.0,iqr_log,극단치,0.285
전체방문객수,20131211,20443.0,iqr_log,극단치,0.3429
전체방문객수,20131216,21910.0,iqr_log,극단치,0.0683
전체방문객수,20131217,21115.0,iqr_log,극단치,0.2148
전체방문객수,20131218,20326.0,iqr_log,극단치,0.3657
전체방문객수,20131224,22273.0,iqr_log,극단치,0.0032
전체방문객수,20131226,28258.0,stl,급증/급감,4.2013
전체방문객수,20131229,30904.0,stl,급증/급감,5.1861
전체방문객수,20131231,28216.0,stl,급증/급감,7.1319
전체방문객수,20140101,26178.0,stl,급증/급감,4.7466
전체방문객수,20140102,31189.0,stl,급증/급감,8.1831
전체방문객수,20140106,27404.0,stl,급증/급감,3.2871
전체방문객수,20140108,19912.0,iqr_log,극단치,0.4472
전체방문객수,20140108,19912.0,stl,급증/급감,4.3507
전체방문객수,20140118,30300.0,stl,급증/급감,3.8009
전체방문객수,20140121,21289.0,iqr_log,극단치,0.1822
전체방문객수,20140122,21633.0,iqr_log,극단치,0.1187
전체방문객수,20140124,23159.0,stl,급증/급감,4.2211
전체방문객수,20140126,19849.0,iqr_log,극단치,0.4598
전체방문객수,20140126,19849.0,stl,급증/급감,7.2543
전체방문객수,20140127,20852.0,iqr_log,극단치,0.2644
전체방문객수,20140127,20852.0,stl,급증/급감,6.0268
전체방문객수,20140129,32346.0,stl,급증/급감,10.6034
전체방문객수,20140130,36820.0,stl,급증/급감,9.9656
전체방문객수,20140211,21894.0,iqr_log,극단치,0.0712
전체방문객수,20140227,29520.0,stl,급증/급감,4.8289
전체방문객수,20140228,30511.0,stl,급증/급감,5.1814
전체방문객수,20140301,26249.0,stl,급증/급감,6.5173
전체방문객수,20140302,21716.0,iqr_log,극단치,0.1035
전체방문객수,20140302,21716.0,stl,급증/급감,7.441
전체방문객수,20140303,18680.0,iqr_log,극단치,0.7003
전체방문객수,20140303,18680.0,stl,급증/급감,9.5791
전체방문객수,20140304,18754.0,iqr_log,극단치,0.6846
전체방문객수,20140304,18754.0,stl,급증/급감,3.9195
전체방문객수,20140305,17503.0,iqr,극단치,0.1103
전체방문객수,20140305,17503.0,iqr_log,극단치,0.9582
전체방문객수,20140305,17503.0,stl,급증/급감,5.179
전체방문객수,20140308,29080.0,stl,급증/급감,4.2221
전체방문객수,20140311,19507.0,iqr_log,극단치,0.5286
전체방문객수,20140311,19507.0,stl,급증/급감,4.1678
전체방문객수,20140312,19992.0,iqr_log,극단치,0.4313
전체방문객수,20140316,30505.0,stl,급증/급감,3.2154
전체방문객수,20140325,2014.0,iqr,극단치,1.7681
전체방문객수,20140325,2014.0,iqr_log,극단치,9.525
전체방문객수,20140325,2014.0,mzscore,극단치,5.2665
전체방문객수,20140325,2014.0,skewkurt,분포 왜곡,1.8277
전체방문객수,20140325,2014.0,stl,급증/급감,85.6353
전체방문객수,20140325,2014.0,zscore,극단치,4.4485
전체방문객수,20140407,43599.0,stl,급증/급감,4.582
전체방문객수,20140408,42184.0,stl,급증/급감,4.0116
전체방문객수,20140423,27981.0,stl,급증/급감,10.2703
전체방문객수,20140428,28668.0,stl,급증/급감,4.8276
전체방문객수,20140429,25417.0,stl,급증/급감,7.2959
전체방문객수,20140501,47324.0,stl,급증/급감,8.206
전체방문객수,20140502,43558.0,stl,급증/급감,5.6884
전체방문객수,20140503,48625.0,stl,급증/급감,11.8902
전체방문객수,20140504,44141.0,stl,급증/급감,11.7761
전체방문객수,20140507,24605.0,stl,급증/급감,6.1284
전체방문객수,20140508,25753.0,stl,급증/급감,5.916
전체방문객수,20140511,17080.0,iqr,극단치,0.1556
전체방문객수,20140511,17080.0,iqr_log,극단치,1.0551
전체방문객수,20140511,17080.0,stl,급증/급감,18.1244
전체방문객수,20140512,35796.0,stl,급증/급감,8.3006
전체방문객수,20140521,25865.0,stl,급증/급감,5.2396
전체방문객수,20140525,30113.0,stl,급증/급감,3.8493
전체방문객수,20140526,33197.0,stl,급증/급감,4.7952
전체방문객수,20140602,4776.0,iqr,극단치,1.4725
전체방문객수,20140602,4776.0,iqr_log,극단치,6.1043
전체방문객수,20140602,4776.0,mzscore,극단치,4.8587
전체방문객수,20140602,4776.0,skewkurt,분포 왜곡,1.3111
전체방문객수,20140602,4776.0,stl,급증/급감,56.7119
전체방문객수,20140602,4776.0,zscore,극단치,4.094
전체방문객수,20140603,43169.0,stl,급증/급감,12.148
전체방문객수,20140604,44332.0,stl,급증/급감,10.9709
전체방문객수,20140605,43196.0,stl,급증/급감,6.4522
전체방문객수,20140606,48557.0,stl,급증/급감,7.7603
전체방문객수,20140607,28742.0,stl,급증/급감,9.0137
전체방문객수,20140608,31831.0,stl,급증/급감,5.4404
전체방문객수,20140617,28692.0,stl,급증/급감,5.205
전체방문객수,20140625,39354.0,stl,급증/급감,7.3071
전체방문객수,20140628,37472.0,stl,급증/급감,3.2857
전체방문객수,20140709,11173.0,iqr,극단치,0.7878
전체방문객수,20140709,11173.0,iqr_log,극단치,2.7368
전체방문객수,20140709,11173.0,mzscore,극단치,3.9141
전체방문객수,20140709,11173.0,stl,급증/급감,33.1574
전체방문객수,20140709,11173.0,zscore,극단치,3.273
전체방문객수,20140716,41258.0,stl,급증/급감,3.5278
전체방문객수,20140717,36528.0,stl,급증/급감,4.5892
전체방문객수,20140718,34849.0,stl,급증/급감,5.434
전체방문객수,20140721,35686.0,stl,급증/급감,4.6965
전체방문객수,20140722,31214.0,stl,급증/급감,6.5132
전체방문객수,20140802,2451.0,iqr,극단치,1.7213
전체방문객수,20140802,2451.0,iqr_log,극단치,8.7471
전체방문객수,20140802,2451.0,mzscore,극단치,5.202
전체방문객수,20140802,2451.0,skewkurt,분포 왜곡,1.7372
전체방문객수,20140802,2451.0,stl,급증/급감,86.9356
전체방문객수,20140802,2451.0,zscore,극단치,4.3925
전체방문객수,20140809,32662.0,stl,급증/급감,6.0432
전체방문객수,20140813,46618.0,stl,급증/급감,4.4718
전체방문객수,20140814,47278.0,stl,급증/급감,4.8357
전체방문객수,20140815,52468.0,stl,급증/급감,10.121
전체방문객수,20140816,37620.0,stl,급증/급감,3.7505
전체방문객수,20140830,33725.0,stl,급증/급감,7.4397
전체방문객수,20140831,31867.0,stl,급증/급감,7.7215
전체방문객수,20140901,32079.0,stl,급증/급감,6.4923
전체방문객수,20140902,28802.0,stl,급증/급감,9.0366
전체방문객수,20140903,24800.0,stl,급증/급감,12.4273
전체방문객수,20140905,43668.0,stl,급증/급감,6.4598
전체방문객수,20140906,50981.0,stl,급증/급감,12.7917
전체방문객수,20140915,38221.0,stl,급증/급감,4.0411
전체방문객수,20140917,32902.0,stl,급증/급감,4.3214
전체방문객수,20140924,29806.0,stl,급증/급감,9.461
전체방문객수,20141004,35824.0,stl,급증/급감,4.8486
전체방문객수,20141010,32324.0,stl,급증/급감,9.8351
전체방문객수,20141011,30512.0,stl,급증/급감,8.3793
전체방문객수,20141012,34008.0,stl,급증/급감,5.1696
전체방문객수,20141102,33362.0,stl,급증/급감,3.8832
전체방문객수,20141128,35962.0,stl,급증/급감,4.3247
전체방문객수,20141202,21205.0,iqr_log,극단치,0.1979
전체방문객수,20141209,21680.0,iqr_log,극단치,0.1101
전체방문객수,20141216,30004.0,stl,급증/급감,6.6935
전체방문객수,20141220,34632.0,stl,급증/급감,4.1711
전체방문객수,20141222,25249.0,stl,급증/급감,4.9309
전체방문객수,20141224,31796.0,stl,급증/급감,6.3411
전체방문객수,20141228,35014.0,stl,급증/급감,6.6999
전체방문객수,20141231,36446.0,stl,급증/급감,10.1827
전체방문객수,20150217,40378.0,stl,급증/급감,11.7559
전체방문객수,20150218,43160.0,stl,급증/급감,13.1451
전체방문객수,20150219,37665.0,stl,급증/급감,4.4117
전체방문객수,20150221,33119.0,stl,급증/급감,5.1902
전체방문객수,20150222,40750.0,stl,급증/급감,4.4418
전체방문객수,20150224,35819.0,stl,급증/급감,9.0911
전체방문객수,20150225,39241.0,stl,급증/급감,12.9885
전체방문객수,20150226,37310.0,stl,급증/급감,8.6206
전체방문객수,20150227,37912.0,stl,급증/급감,4.7938
전체방문객수,20150303,22000.0,iqr_log,극단치,0.0521
전체방문객수,20150402,23960.0,stl,급증/급감,16.3906
전체방문객수,20150404,38073.0,stl,급증/급감,4.1109
전체방문객수,20150424,46125.0,stl,급증/급감,3.2355
전체방문객수,20150427,45208.0,stl,급증/급감,3.7598
전체방문객수,20150505,34003.0,stl,급증/급감,5.6076
전체방문객수,20150507,34899.0,stl,급증/급감,6.6507
전체방문객수,20150508,38400.0,stl,급증/급감,6.8383
전체방문객수,20150509,38461.0,stl,급증/급감,5.1233
전체방문객수,20150512,45421.0,stl,급증/급감,5.8075
전체방문객수,20150518,46456.0,stl,급증/급감,9.4761
전체방문객수,20150522,49720.0,stl,급증/급감,3.3903
전체방문객수,20150526,45256.0,stl,급증/급감,4.5582
전체방문객수,20150527,48380.0,stl,급증/급감,4.1639
전체방문객수,20150610,25901.0,stl,급증/급감,5.1885
전체방문객수,20150623,27055.0,stl,급증/급감,5.1046
전체방문객수,20150624,21813.0,iqr_log,극단치,0.0859
전체방문객수,20150625,24117.0,stl,급증/급감,4.8094
전체방문객수,20150627,33805.0,stl,급증/급감,5.2437
전체방문객수,20150630,21194.0,iqr_log,극단치,0.2
전체방문객수,20150701,28773.0,stl,급증/급감,6.6164
전체방문객수,20150712,20100.0,iqr_log,극단치,0.41
전체방문객수,20150712,20100.0,stl,급증/급감,14.2747
전체방문객수,20150714,36155.0,stl,급증/급감,8.3331
전체방문객수,20150716,40989.0,stl,급증/급감,4.5539
전체방문객수,20150724,35711.0,stl,급증/급감,4.578
전체방문객수,20150814,49892.0,stl,급증/급감,6.2785
전체방문객수,20150923,30360.0,stl,급증/급감,4.8721
전체방문객수,20150925,47644.0,stl,급증/급감,5.02
전체방문객수,20150926,54784.0,stl,급증/급감,8.6438
전체방문객수,20150927,48549.0,stl,급증/급감,4.9159
전체방문객수,20151008,53718.0,stl,급증/급감,6.4954
전체방문객수,20151009,55887.0,stl,급증/급감,5.1013
전체방문객수,20151010,38062.0,stl,급증/급감,7.4173
전체방문객수,20151020,44272.0,stl,급증/급감,4.1673
전체방문객수,20151025,47161.0,stl,급증/급감,3.2336
전체방문객수,20151202,24735.0,stl,급증/급감,4.5384
전체방문객수,20151205,39864.0,stl,급증/급감,5.6524
전체방문객수,20151207,32939.0,stl,급증/급감,4.7146
전체방문객수,20151219,38584.0,stl,급증/급감,5.0163
전체방문객수,20151222,28277.0,stl,급증/급감,4.1278
전체방문객수,20151223,36966.0,stl,급증/급감,4.9346
전체방문객수,20151225,46318.0,stl,급증/급감,4.1246
전체방문객수,20151230,44500.0,stl,급증/급감,7.4478
전체방문객수,20160103,35086.0,stl,급증/급감,4.5258
전체방문객수,20160109,42647.0,stl,급증/급감,6.1958
전체방문객수,20160121,42564.0,stl,급증/급감,4.7512
전체방문객수,20160123,16774.0,iqr,극단치,0.1883
전체방문객수,20160123,16774.0,iqr_log,극단치,1.1268
전체방문객수,20160123,16774.0,stl,급증/급감,22.6182
전체방문객수,20160124,0.0,iqr,극단치,1.9837
전체방문객수,20160124,0.0,iqr_log,극단치,39.6753
전체방문객수,20160124,0.0,mzscore,극단치,5.5639
전체방문객수,20160124,0.0,skewkurt,분포 왜곡,2.291
전체방문객수,20160124,0.0,stl,급증/급감,321.5748
전체방문객수,20160124,0.0,zscore,극단치,4.707
전체방문객수,20160125,14434.0,iqr,극단치,0.4388
전체방문객수,20160125,14434.0,iqr_log,극단치,1.7221
전체방문객수,20160125,14434.0,stl,급증/급감,25.7731
전체방문객수,20160129,30131.0,stl,급증/급감,4.5477
전체방문객수,20160202,26562.0,stl,급증/급감,7.0559
전체방문객수,20160203,25296.0,stl,급증/급감,9.7298
전체방문객수,20160206,44548.0,stl,급증/급감,6.2789
전체방문객수,20160207,45607.0,stl,급증/급감,6.0075
전체방문객수,20160211,34350.0,stl,급증/급감,4.8372
전체방문객수,20160212,31206.0,stl,급증/급감,7.5541
전체방문객수,20160219,37837.0,stl,급증/급감,3.0317
전체방문객수,20160229,27171.0,stl,급증/급감,9.5674
전체방문객수,20160301,27354.0,stl,급증/급감,8.1344
전체방문객수,20160303,28816.0,stl,급증/급감,7.0353
전체방문객수,20160308,26494.0,stl,급증/급감,6.5009
전체방문객수,20160310,32514.0,stl,급증/급감,4.4046
전체방문객수,20160403,42606.0,stl,급증/급감,3.13
전체방문객수,20160412,39163.0,stl,급증/급감,4.8151
전체방문객수,20160414,43505.0,stl,급증/급감,3.5851
전체방문객수,20160416,22762.0,stl,급증/급감,24.9678
전체방문객수,20160502,33221.0,stl,급증/급감,10.6825
전체방문객수,20160504,50881.0,stl,급증/급감,3.4073
전체방문객수,20160507,35063.0,stl,급증/급감,10.7732
전체방문객수,20160508,38976.0,stl,급증/급감,5.7334
전체방문객수,20160512,46356.0,stl,급증/급감,3.5075
전체방문객수,20160603,55881.0,stl,급증/급감,5.1715
전체방문객수,20160607,50881.0,stl,급증/급감,4.7133
전체방문객수,20160625,54027.0,stl,급증/급감,5.2091
전체방문객수,20160705,50344.0,stl,급증/급감,4.0326
전체방문객수,20160724,46400.0,stl,급증/급감,5.1754
전체방문객수,20160730,59567.0,iqr,극단치,0.3919
전체방문객수,20160730,59567.0,stl,급증/급감,4.067
전체방문객수,20160731,59404.0,iqr,극단치,0.3745
전체방문객수,20160814,56008.0,iqr,극단치,0.011
전체방문객수,20160818,45711.0,stl,급증/급감,4.3717
전체방문객수,20160824,52214.0,stl,급증/급감,7.1632
전체방문객수,20160830,36102.0,stl,급증/급감,5.6037
전체방문객수,20160913,56569.0,iqr,극단치,0.071
전체방문객수,20160913,56569.0,stl,급증/급감,12.0275
전체방문객수,20160914,53090.0,stl,급증/급감,10.7364
전체방문객수,20160915,52719.0,stl,급증/급감,4.5278
전체방문객수,20160919,34562.0,stl,급증/급감,7.2207
전체방문객수,20160928,40382.0,stl,급증/급감,4.2697
전체방문객수,20160929,45446.0,stl,급증/급감,4.7285
전체방문객수,20161001,62645.0,iqr,극단치,0.7213
전체방문객수,20161001,62645.0,iqr_log,극단치,0.0946
전체방문객수,20161001,62645.0,mzscore,극단치,3.6861
전체방문객수,20161001,62645.0,stl,급증/급감,7.6509
전체방문객수,20161001,62645.0,zscore,극단치,3.3334
전체방문객수,20161004,37774.0,stl,급증/급감,5.6565
전체방문객수,20161005,31747.0,stl,급증/급감,11.0129
전체방문객수,20161028,40945.0,stl,급증/급감,6.3985
전체방문객수,20161215,31265.0,stl,급증/급감,6.3046
전체방문객수,20161222,34986.0,stl,급증/급감,4.9217
전체방문객수,20161223,35055.0,stl,급증/급감,6.4371
전체방문객수,20161228,44652.0,stl,급증/급감,4.4756
전체방문객수,20170107,38162.0,stl,급증/급감,4.8295
전체방문객수,20170120,33396.0,stl,급증/급감,5.4967
전체방문객수,20170123,31032.0,stl,급증/급감,7.0015
전체방문객수,20170126,44835.0,stl,급증/급감,5.7313
전체방문객수,20170127,51068.0,stl,급증/급감,7.6127
전체방문객수,20170129,44420.0,stl,급증/급감,7.3975
전체방문객수,20170131,40361.0,stl,급증/급감,4.8072
전체방문객수,20170207,43778.0,stl,급증/급감,7.5365
전체방문객수,20170208,32907.0,stl,급증/급감,4.2394
전체방문객수,20170210,34996.0,stl,급증/급감,6.6594
전체방문객수,20170225,45938.0,stl,급증/급감,3.4969
전체방문객수,20170228,23831.0,stl,급증/급감,11.3493
전체방문객수,20170307,27740.0,stl,급증/급감,4.2118
전체방문객수,20170308,27255.0,stl,급증/급감,3.3346
전체방문객수,20170315,37588.0,stl,급증/급감,4.9435
전체방문객수,20170506,38579.0,stl,급증/급감,6.5012
전체방문객수,20170507,36987.0,stl,급증/급감,4.8857
전체방문객수,20170508,31659.0,stl,급증/급감,8.788
전체방문객수,20170603,50773.0,stl,급증/급감,4.3408
전체방문객수,20170605,36538.0,stl,급증/급감,4.9902
전체방문객수,20170704,32913.0,stl,급증/급감,4.991
전체방문객수,20170728,47073.0,stl,급증/급감,4.6205
전체방문객수,20170805,38585.0,stl,급증/급감,5.0422
전체방문객수,20170806,39151.0,stl,급증/급감,4.7298
전체방문객수,20170811,48696.0,stl,급증/급감,7.8708
전체방문객수,20170812,50500.0,stl,급증/급감,5.2516
전체방문객수,20170827,44844.0,stl,급증/급감,3.4645
전체방문객수,20170905,39639.0,stl,급증/급감,3.8492
전체방문객수,20170926,33040.0,stl,급증/급감,4.845
전체방문객수,20170927,34007.0,stl,급증/급감,6.9043
전체방문객수,20171001,50193.0,stl,급증/급감,5.0351
전체방문객수,20171003,50521.0,stl,급증/급감,4.7872
전체방문객수,20171005,51821.0,stl,급증/급감,6.2723
전체방문객수,20171006,50327.0,stl,급증/급감,8.0351
전체방문객수,20171011,35415.0,stl,급증/급감,4.5001
전체방문객수,20171012,33117.0,stl,급증/급감,6.7293
전체방문객수,20171021,41985.0,stl,급증/급감,3.0264
전체방문객수,20171215,31698.0,stl,급증/급감,4.3057
전체방문객수,20180105,33578.0,stl,급증/급감,3.3137
전체방문객수,20180106,34667.0,stl,급증/급감,4.6771
전체방문객수,20180111,16689.0,iqr,극단치,0.1974
전체방문객수,20180111,16689.0,iqr_log,극단치,1.1469
전체방문객수,20180111,16689.0,stl,급증/급감,23.3057
전체방문객수,20180204,26980.0,stl,급증/급감,4.4925
전체방문객수,20180206,19613.0,iqr_log,극단치,0.5072
전체방문객수,20180206,19613.0,stl,급증/급감,13.0565
전체방문객수,20180208,25004.0,stl,급증/급감,5.6718
전체방문객수,20180214,39630.0,stl,급증/급감,5.8019
전체방문객수,20180215,42996.0,stl,급증/급감,6.1758
전체방문객수,20180301,42353.0,stl,급증/급감,4.9583
전체방문객수,20180303,29847.0,stl,급증/급감,6.0246
전체방문객수,20180307,26562.0,stl,급증/급감,6.1593
전체방문객수,20180429,45634.0,stl,급증/급감,3.7018
전체방문객수,20180505,52961.0,stl,급증/급감,5.3293
전체방문객수,20180521,35632.0,stl,급증/급감,6.4175
전체방문객수,20180522,33234.0,stl,급증/급감,7.5639
전체방문객수,20180629,35345.0,stl,급증/급감,4.9774
전체방문객수,20180630,33912.0,stl,급증/급감,6.1094
전체방문객수,20180701,31614.0,stl,급증/급감,6.976
전체방문객수,20180702,28653.0,stl,급증/급감,10.1537
전체방문객수,20180703,27514.0,stl,급증/급감,9.751
전체방문객수,20180731,37850.0,stl,급증/급감,3.9957
전체방문객수,20180822,21715.0,iqr_log,극단치,0.1037
전체방문객수,20180822,21715.0,stl,급증/급감,20.8898
전체방문객수,20180823,0.0,iqr,극단치,1.9837
전체방문객수,20180823,0.0,iqr_log,극단치,39.6753
전체방문객수,20180823,0.0,mzscore,극단치,5.5639
전체방문객수,20180823,0.0,skewkurt,분포 왜곡,2.291
전체방문객수,20180823,0.0,stl,급증/급감,327.0498
전체방문객수,20180823,0.0,zscore,극단치,4.707
전체방문객수,20180916,33925.0,stl,급증/급감,3.8144
전체방문객수,20180918,29944.0,stl,급증/급감,8.029
전체방문객수,20180919,29455.0,stl,급증/급감,8.7763
전체방문객수,20180922,49966.0,stl,급증/급감,5.7324
전체방문객수,20180923,47760.0,stl,급증/급감,4.6984
전체방문객수,20180926,44378.0,stl,급증/급감,3.5348
전체방문객수,20181004,31629.0,stl,급증/급감,4.8955
전체방문객수,20181005,17415.0,iqr,극단치,0.1197
전체방문객수,20181005,17415.0,iqr_log,극단치,0.9782
전체방문객수,20181005,17415.0,stl,급증/급감,24.4009
전체방문객수,20181006,27387.0,stl,급증/급감,12.2285
전체방문객수,20181008,37762.0,stl,급증/급감,3.3229
전체방문객수,20181009,37850.0,stl,급증/급감,4.1873
전체방문객수,20181226,39207.0,stl,급증/급감,3.2042
전체방문객수,20190101,31232.0,stl,급증/급감,4.2523
전체방문객수,20190105,35357.0,stl,급증/급감,4.3421
전체방문객수,20190114,33374.0,stl,급증/급감,4.4838
전체방문객수,20190130,28980.0,stl,급증/급감,7.1961
전체방문객수,20190202,44633.0,stl,급증/급감,4.1187
전체방문객수,20190203,43357.0,stl,급증/급감,4.481
전체방문객수,20190204,32113.0,stl,급증/급감,5.8312
전체방문객수,20190226,41882.0,stl,급증/급감,4.2476
전체방문객수,20190227,40431.0,stl,급증/급감,4.6328
전체방문객수,20190228,40991.0,stl,급증/급감,3.3726
전체방문객수,20190301,46664.0,stl,급증/급감,7.2685
전체방문객수,20190320,26842.0,stl,급증/급감,8.8396
전체방문객수,20190409,31036.0,stl,급증/급감,7.7983
전체방문객수,20190410,47197.0,stl,급증/급감,4.0947
전체방문객수,20190504,51311.0,stl,급증/급감,3.9159
전체방문객수,20190515,48566.0,stl,급증/급감,3.8502
전체방문객수,20190527,38717.0,stl,급증/급감,4.179
전체방문객수,20190606,52928.0,stl,급증/급감,5.0924
전체방문객수,20190607,37556.0,stl,급증/급감,5.4468
전체방문객수,20190608,39207.0,stl,급증/급감,5.6923
전체방문객수,20190629,36881.0,stl,급증/급감,4.3321
전체방문객수,20190719,28448.0,stl,급증/급감,12.1395
전체방문객수,20190720,30801.0,stl,급증/급감,12.502
전체방문객수,20190815,53283.0,stl,급증/급감,5.3331
전체방문객수,20190901,38051.0,stl,급증/급감,5.4313
전체방문객수,20190902,36865.0,stl,급증/급감,6.2096
전체방문객수,20190903,32745.0,stl,급증/급감,8.246
전체방문객수,20190904,32981.0,stl,급증/급감,8.5894
전체방문객수,20190905,32182.0,stl,급증/급감,9.0142
전체방문객수,20190906,19376.0,iqr_log,극단치,0.5553
전체방문객수,20190906,19376.0,stl,급증/급감,26.4008
전체방문객수,20190907,13218.0,iqr,극단치,0.5689
전체방문객수,20190907,13218.0,iqr_log,극단치,2.0708
전체방문객수,20190907,13218.0,mzscore,극단치,3.6121
전체방문객수,20190907,13218.0,stl,급증/급감,37.2472
전체방문객수,20190907,13218.0,zscore,극단치,3.0105
전체방문객수,20190908,35460.0,stl,급증/급감,9.2583
전체방문객수,20190909,30641.0,stl,급증/급감,12.8926
전체방문객수,20190910,39387.0,stl,급증/급감,4.5688
전체방문객수,20190912,53568.0,stl,급증/급감,5.1489
전체방문객수,20190920,39589.0,stl,급증/급감,4.315
전체방문객수,20190921,32061.0,stl,급증/급감,9.6997
전체방문객수,20190922,8032.0,iqr,극단치,1.124
전체방문객수,20190922,8032.0,iqr_log,극단치,4.0447
전체방문객수,20190922,8032.0,mzscore,극단치,4.3779
전체방문객수,20190922,8032.0,stl,급증/급감,53.7191
전체방문객수,20190922,8032.0,zscore,극단치,3.6761
전체방문객수,20190923,51261.0,stl,급증/급감,4.2251
전체방문객수,20190930,39957.0,stl,급증/급감,3.8251
전체방문객수,20191001,36904.0,stl,급증/급감,6.9354
전체방문객수,20191002,13724.0,iqr,극단치,0.5148
전체방문객수,20191002,13724.0,iqr_log,극단치,1.922
전체방문객수,20191002,13724.0,mzscore,극단치,3.5374
전체방문객수,20191002,13724.0,stl,급증/급감,37.5215
전체방문객수,20191003,52192.0,stl,급증/급감,4.6327
전체방문객수,20200113,45428.0,stl,급증/급감,3.8982
전체방문객수,20200114,43944.0,stl,급증/급감,6.3206
전체방문객수,20200124,48362.0,stl,급증/급감,3.9208
전체방문객수,20200126,39788.0,stl,급증/급감,4.3142
전체방문객수,20200127,37509.0,stl,급증/급감,8.5505
전체방문객수,20200128,37910.0,stl,급증/급감,15.0576
전체방문객수,20200129,33497.0,stl,급증/급감,9.7465
전체방문객수,20200203,21075.0,iqr_log,극단치,0.2223
전체방문객수,20200204,18918.0,iqr_log,극단치,0.6501
전체방문객수,20200205,17120.0,iqr,극단치,0.1513
전체방문객수,20200205,17120.0,iqr_log,극단치,1.0459
전체방문객수,20200205,17120.0,stl,급증/급감,5.6536
전체방문객수,20200206,18464.0,iqr,극단치,0.0074
전체방문객수,20200206,18464.0,iqr_log,극단치,0.7464
전체방문객수,20200206,18464.0,stl,급증/급감,10.3594
전체방문객수,20200207,20573.0,iqr_log,극단치,0.3178
전체방문객수,20200207,20573.0,stl,급증/급감,7.6465
전체방문객수,20200208,21615.0,iqr_log,극단치,0.122
전체방문객수,20200208,21615.0,stl,급증/급감,6.5194
전체방문객수,20200209,19935.0,iqr_log,극단치,0.4426
전체방문객수,20200209,19935.0,stl,급증/급감,4.9422
전체방문객수,20200210,19980.0,iqr_log,극단치,0.4337
전체방문객수,20200210,19980.0,stl,급증/급감,3.7699
전체방문객수,20200211,19925.0,iqr_log,극단치,0.4446
전체방문객수,20200212,19475.0,iqr_log,극단치,0.5351
전체방문객수,20200216,26889.0,stl,급증/급감,5.7995
전체방문객수,20200218,27588.0,stl,급증/급감,7.8165
전체방문객수,20200219,27870.0,stl,급증/급감,11.1186
전체방문객수,20200220,30131.0,stl,급증/급감,11.5615
전체방문객수,20200221,29137.0,stl,급증/급감,12.2547
전체방문객수,20200222,24494.0,stl,급증/급감,7.916
전체방문객수,20200223,21121.0,iqr_log,극단치,0.2136
전체방문객수,20200223,21121.0,stl,급증/급감,12.4123
전체방문객수,20200224,16903.0,iqr,극단치,0.1745
전체방문객수,20200224,16903.0,iqr_log,극단치,1.0964
전체방문객수,20200225,15165.0,iqr,극단치,0.3605
전체방문객수,20200225,15165.0,iqr_log,극단치,1.5263
전체방문객수,20200226,14329.0,iqr,극단치,0.45
전체방문객수,20200226,14329.0,iqr_log,극단치,1.751
전체방문객수,20200227,13701.0,iqr,극단치,0.5172
전체방문객수,20200227,13701.0,iqr_log,극단치,1.9286
전체방문객수,20200227,13701.0,mzscore,극단치,3.5408
전체방문객수,20200227,13701.0,stl,급증/급감,6.0823
전체방문객수,20200228,14172.0,iqr,극단치,0.4668
전체방문객수,20200228,14172.0,iqr_log,극단치,1.7947
전체방문객수,20200228,14172.0,stl,급증/급감,6.7317
전체방문객수,20200229,15175.0,iqr,극단치,0.3595
전체방문객수,20200229,15175.0,iqr_log,극단치,1.5237
전체방문객수,20200229,15175.0,stl,급증/급감,4.1592
전체방문객수,20200301,13739.0,iqr,극단치,0.5132
전체방문객수,20200301,13739.0,iqr_log,극단치,1.9176
전체방문객수,20200301,13739.0,mzscore,극단치,3.5352
전체방문객수,20200302,15898.0,iqr,극단치,0.2821
전체방문객수,20200302,15898.0,iqr_log,극단치,1.3393
전체방문객수,20200303,15668.0,iqr,극단치,0.3067
전체방문객수,20200303,15668.0,iqr_log,극단치,1.397
전체방문객수,20200304,14598.0,iqr,극단치,0.4212
전체방문객수,20200304,14598.0,iqr_log,극단치,1.6773
전체방문객수,20200305,15949.0,iqr,극단치,0.2766
전체방문객수,20200305,15949.0,iqr_log,극단치,1.3266
전체방문객수,20200306,17079.0,iqr,극단치,0.1557
전체방문객수,20200306,17079.0,iqr_log,극단치,1.0554
전체방문객수,20200307,16208.0,iqr,극단치,0.2489
전체방문객수,20200307,16208.0,iqr_log,극단치,1.2628
전체방문객수,20200308,13672.0,iqr,극단치,0.5203
전체방문객수,20200308,13672.0,iqr_log,극단치,1.937
전체방문객수,20200308,13672.0,mzscore,극단치,3.5451
전체방문객수,20200309,15371.0,iqr,극단치,0.3385
전체방문객수,20200309,15371.0,iqr_log,극단치,1.4729
전체방문객수,20200310,15790.0,iqr,극단치,0.2936
전체방문객수,20200310,15790.0,iqr_log,극단치,1.3663
전체방문객수,20200311,17315.0,iqr,극단치,0.1304
전체방문객수,20200311,17315.0,iqr_log,극단치,1.001
전체방문객수,20200311,17315.0,stl,급증/급감,4.4329
전체방문객수,20200312,17718.0,iqr,극단치,0.0873
전체방문객수,20200312,17718.0,iqr_log,극단치,0.9098
전체방문객수,20200313,17659.0,iqr,극단치,0.0936
전체방문객수,20200313,17659.0,iqr_log,극단치,0.923
전체방문객수,20200314,16923.0,iqr,극단치,0.1724
전체방문객수,20200314,16923.0,iqr_log,극단치,1.0917
전체방문객수,20200315,15934.0,iqr,극단치,0.2782
전체방문객수,20200315,15934.0,iqr_log,극단치,1.3303
전체방문객수,20200316,16592.0,iqr,극단치,0.2078
전체방문객수,20200316,16592.0,iqr_log,극단치,1.17
전체방문객수,20200317,16948.0,iqr,극단치,0.1697
전체방문객수,20200317,16948.0,iqr_log,극단치,1.0859
전체방문객수,20200318,16183.0,iqr,극단치,0.2516
전체방문객수,20200318,16183.0,iqr_log,극단치,1.2689
전체방문객수,20200319,16447.0,iqr,극단치,0.2233
전체방문객수,20200319,16447.0,iqr_log,극단치,1.2048
전체방문객수,20200320,17605.0,iqr,극단치,0.0994
전체방문객수,20200320,17605.0,iqr_log,극단치,0.9352
전체방문객수,20200321,17574.0,iqr,극단치,0.1027
전체방문객수,20200321,17574.0,iqr_log,극단치,0.9421
전체방문객수,20200322,16644.0,iqr,극단치,0.2022
전체방문객수,20200322,16644.0,iqr_log,극단치,1.1576
전체방문객수,20200323,14921.0,iqr,극단치,0.3867
전체방문객수,20200323,14921.0,iqr_log,극단치,1.5906
전체방문객수,20200324,16910.0,iqr,극단치,0.1738
전체방문객수,20200324,16910.0,iqr_log,극단치,1.0948
전체방문객수,20200324,16910.0,stl,급증/급감,5.3972
전체방문객수,20200325,13056.0,iqr,극단치,0.5863
전체방문객수,20200325,13056.0,iqr_log,극단치,2.1197
전체방문객수,20200325,13056.0,mzscore,극단치,3.6361
전체방문객수,20200325,13056.0,zscore,극단치,3.0313
전체방문객수,20200326,13043.0,iqr,극단치,0.5877
전체방문객수,20200326,13043.0,iqr_log,극단치,2.1236
전체방문객수,20200326,13043.0,mzscore,극단치,3.638
전체방문객수,20200326,13043.0,zscore,극단치,3.033
전체방문객수,20200327,14677.0,iqr,극단치,0.4128
전체방문객수,20200327,14677.0,iqr_log,극단치,1.6559
전체방문객수,20200328,15108.0,iqr,극단치,0.3666
전체방문객수,20200328,15108.0,iqr_log,극단치,1.5413
전체방문객수,20200329,13480.0,iqr,극단치,0.5409
전체방문객수,20200329,13480.0,iqr_log,극단치,1.9931
전체방문객수,20200329,13480.0,mzscore,극단치,3.5735
전체방문객수,20200330,11721.0,iqr,극단치,0.7292
전체방문객수,20200330,11721.0,iqr_log,극단치,2.5471
전체방문객수,20200330,11721.0,mzscore,극단치,3.8332
전체방문객수,20200330,11721.0,zscore,극단치,3.2027
전체방문객수,20200331,11981.0,iqr,극단치,0.7013
전체방문객수,20200331,11981.0,iqr_log,극단치,2.4602
전체방문객수,20200331,11981.0,mzscore,극단치,3.7948
전체방문객수,20200331,11981.0,zscore,극단치,3.1693
전체방문객수,20200401,14703.0,iqr,극단치,0.41
전체방문객수,20200401,14703.0,iqr_log,극단치,1.6489
전체방문객수,20200401,14703.0,stl,급증/급감,5.6233
전체방문객수,20200402,15484.0,iqr,극단치,0.3264
전체방문객수,20200402,15484.0,iqr_log,극단치,1.4438
전체방문객수,20200402,15484.0,stl,급증/급감,6.2049
전체방문객수,20200403,15251.0,iqr,극단치,0.3513
전체방문객수,20200403,15251.0,iqr_log,극단치,1.5039
전체방문객수,20200404,14522.0,iqr,극단치,0.4294
전체방문객수,20200404,14522.0,iqr_log,극단치,1.698
전체방문객수,20200405,11604.0,iqr,극단치,0.7417
전체방문객수,20200405,11604.0,iqr_log,극단치,2.5869
전체방문객수,20200405,11604.0,mzscore,극단치,3.8505
전체방문객수,20200405,11604.0,stl,급증/급감,4.686
전체방문객수,20200405,11604.0,zscore,극단치,3.2177
전체방문객수,20200406,12866.0,iqr,극단치,0.6066
전체방문객수,20200406,12866.0,iqr_log,극단치,2.1778
전체방문객수,20200406,12866.0,mzscore,극단치,3.6641
전체방문객수,20200406,12866.0,zscore,극단치,3.0557
전체방문객수,20200407,12393.0,iqr,극단치,0.6572
전체방문객수,20200407,12393.0,iqr_log,극단치,2.3262
전체방문객수,20200407,12393.0,mzscore,극단치,3.734
전체방문객수,20200407,12393.0,zscore,극단치,3.1164
전체방문객수,20200408,12662.0,iqr,극단치,0.6284
전체방문객수,20200408,12662.0,iqr_log,극단치,2.2411
전체방문객수,20200408,12662.0,mzscore,극단치,3.6942
전체방문객수,20200408,12662.0,zscore,극단치,3.0819
전체방문객수,20200409,13368.0,iqr,극단치,0.5529
전체방문객수,20200409,13368.0,iqr_log,극단치,2.0261
전체방문객수,20200409,13368.0,mzscore,극단치,3.59
전체방문객수,20200410,15727.0,iqr,극단치,0.3004
전체방문객수,20200410,15727.0,iqr_log,극단치,1.3821
전체방문객수,20200411,15731.0,iqr,극단치,0.3
전체방문객수,20200411,15731.0,iqr_log,극단치,1.3811
전체방문객수,20200412,14059.0,iqr,극단치,0.4789
전체방문객수,20200412,14059.0,iqr_log,극단치,1.8264
전체방문객수,20200413,13919.0,iqr,극단치,0.4939
전체방문객수,20200413,13919.0,iqr_log,극단치,1.8661
전체방문객수,20200413,13919.0,mzscore,극단치,3.5086
전체방문객수,20200414,14644.0,iqr,극단치,0.4163
전체방문객수,20200414,14644.0,iqr_log,극단치,1.6649
전체방문객수,20200415,16745.0,iqr,극단치,0.1914
전체방문객수,20200415,16745.0,iqr_log,극단치,1.1336
전체방문객수,20200415,16745.0,stl,급증/급감,4.996
전체방문객수,20200416,14128.0,iqr,극단치,0.4715
전체방문객수,20200416,14128.0,iqr_log,극단치,1.807
전체방문객수,20200417,16388.0,iqr,극단치,0.2296
전체방문객수,20200417,16388.0,iqr_log,극단치,1.219
전체방문객수,20200417,16388.0,stl,급증/급감,4.3657
전체방문객수,20200418,15925.0,iqr,극단치,0.2792
전체방문객수,20200418,15925.0,iqr_log,극단치,1.3326
전체방문객수,20200419,13627.0,iqr,극단치,0.5252
전체방문객수,20200419,13627.0,iqr_log,극단치,1.9501
전체방문객수,20200419,13627.0,mzscore,극단치,3.5518
전체방문객수,20200419,13627.0,stl,급증/급감,4.7567
전체방문객수,20200420,16444.0,iqr,극단치,0.2236
전체방문객수,20200420,16444.0,iqr_log,극단치,1.2055
전체방문객수,20200421,15587.0,iqr,극단치,0.3154
전체방문객수,20200421,15587.0,iqr_log,극단치,1.4176
전체방문객수,20200422,16974.0,iqr,극단치,0.1669
전체방문객수,20200422,16974.0,iqr_log,극단치,1.0798
전체방문객수,20200423,18389.0,iqr,극단치,0.0155
전체방문객수,20200423,18389.0,iqr_log,극단치,0.7625
전체방문객수,20200423,18389.0,stl,급증/급감,4.6068
전체방문객수,20200424,22240.0,iqr_log,극단치,0.0091
전체방문객수,20200425,21937.0,iqr_log,극단치,0.0634
전체방문객수,20200425,21937.0,stl,급증/급감,6.9265
전체방문객수,20200426,22648.0,stl,급증/급감,8.9136
전체방문객수,20200427,23711.0,stl,급증/급감,6.9673
전체방문객수,20200428,26120.0,stl,급증/급감,11.5203
전체방문객수,20200429,36587.0,stl,급증/급감,17.7591
전체방문객수,20200430,46940.0,stl,급증/급감,25.6744
전체방문객수,20200501,32586.0,stl,급증/급감,8.1691
전체방문객수,20200503,20954.0,iqr_log,극단치,0.2451
전체방문객수,20200504,17334.0,iqr,극단치,0.1284
전체방문객수,20200504,17334.0,iqr_log,극단치,0.9966
전체방문객수,20200504,17334.0,stl,급증/급감,8.3448
전체방문객수,20200505,19048.0,iqr_log,극단치,0.623
전체방문객수,20200506,20538.0,iqr_log,극단치,0.3245
전체방문객수,20200507,20092.0,iqr_log,극단치,0.4115
전체방문객수,20200508,19023.0,iqr_log,극단치,0.6282
전체방문객수,20200508,19023.0,stl,급증/급감,4.8686
전체방문객수,20200509,20869.0,iqr_log,극단치,0.2612
전체방문객수,20200510,27053.0,stl,급증/급감,6.7811
전체방문객수,20200512,24304.0,stl,급증/급감,4.659
전체방문객수,20200513,21459.0,iqr_log,극단치,0.1507
전체방문객수,20200515,22135.0,iqr_log,극단치,0.0278
전체방문객수,20200521,29908.0,stl,급증/급감,3.7755
전체방문객수,20200522,30708.0,stl,급증/급감,4.1299
전체방문객수,20200619,36743.0,stl,급증/급감,4.8523
전체방문객수,20200620,35670.0,stl,급증/급감,5.2878
전체방문객수,20200621,35649.0,stl,급증/급감,5.1462
전체방문객수,20200624,25390.0,stl,급증/급감,3.1381
전체방문객수,20200629,25131.0,stl,급증/급감,6.835
전체방문객수,20200727,26436.0,stl,급증/급감,6.5595
전체방문객수,20200731,42602.0,stl,급증/급감,4.9134
전체방문객수,20200801,49541.0,stl,급증/급감,8.4851
전체방문객수,20200802,47401.0,stl,급증/급감,5.7695
전체방문객수,20200810,31964.0,stl,급증/급감,10.2237
전체방문객수,20200814,47543.0,stl,급증/급감,4.5156
전체방문객수,20200815,49342.0,stl,급증/급감,7.236
전체방문객수,20200824,31646.0,stl,급증/급감,4.2243
전체방문객수,20200825,23862.0,stl,급증/급감,9.4303
전체방문객수,20200829,24280.0,stl,급증/급감,4.8966
전체방문객수,20200830,22825.0,stl,급증/급감,6.5253
전체방문객수,20200831,21133.0,iqr_log,극단치,0.2114
전체방문객수,20200831,21133.0,stl,급증/급감,6.689
전체방문객수,20200901,19094.0,iqr_log,극단치,0.6134
전체방문객수,20200901,19094.0,stl,급증/급감,6.5502
전체방문객수,20200902,1353.0,iqr,극단치,1.8389
전체방문객수,20200902,1353.0,iqr_log,극단치,11.1004
전체방문객수,20200902,1353.0,mzscore,극단치,5.3641
전체방문객수,20200902,1353.0,skewkurt,분포 왜곡,1.9711
전체방문객수,20200902,1353.0,stl,급증/급감,86.0904
전체방문객수,20200902,1353.0,zscore,극단치,4.5334
전체방문객수,20200903,21348.0,iqr_log,극단치,0.1713
전체방문객수,20200905,18082.0,iqr,극단치,0.0483
전체방문객수,20200905,18082.0,iqr_log,극단치,0.8292
전체방문객수,20200905,18082.0,stl,급증/급감,8.9014
전체방문객수,20200906,14993.0,iqr,극단치,0.3789
전체방문객수,20200906,14993.0,iqr_log,극단치,1.5715
전체방문객수,20200906,14993.0,stl,급증/급감,15.6671
전체방문객수,20200907,8460.0,iqr,극단치,1.0782
전체방문객수,20200907,8460.0,iqr_log,극단치,3.839
전체방문객수,20200907,8460.0,mzscore,극단치,4.3147
전체방문객수,20200907,8460.0,stl,급증/급감,32.3652
전체방문객수,20200907,8460.0,zscore,극단치,3.6212
전체방문객수,20200929,34812.0,stl,급증/급감,11.3171
전체방문객수,20200930,44632.0,stl,급증/급감,16.8291
전체방문객수,20201001,36793.0,stl,급증/급감,6.9805
전체방문객수,20201003,21057.0,iqr_log,극단치,0.2257
전체방문객수,20201003,21057.0,stl,급증/급감,13.1114
전체방문객수,20201008,39888.0,stl,급증/급감,6.6626
전체방문객수,20201009,42933.0,stl,급증/급감,7.6195
전체방문객수,20201010,27305.0,stl,급증/급감,8.3031
전체방문객수,20201208,21436.0,iqr_log,극단치,0.155
전체방문객수,20201209,21283.0,iqr_log,극단치,0.1834
전체방문객수,20201212,24459.0,stl,급증/급감,3.8725
전체방문객수,20201215,19511.0,iqr_log,극단치,0.5278
전체방문객수,20201216,19798.0,iqr_log,극단치,0.47
전체방문객수,20201217,21386.0,iqr_log,극단치,0.1642
전체방문객수,20201218,18400.0,iqr,극단치,0.0143
전체방문객수,20201218,18400.0,iqr_log,극단치,0.7601
전체방문객수,20201218,18400.0,stl,급증/급감,8.609
전체방문객수,20201219,16957.0,iqr,극단치,0.1687
전체방문객수,20201219,16957.0,iqr_log,극단치,1.0838
전체방문객수,20201220,16756.0,iqr,극단치,0.1902
전체방문객수,20201220,16756.0,iqr_log,극단치,1.131
전체방문객수,20201220,16756.0,stl,급증/급감,4.518
전체방문객수,20201221,16612.0,iqr,극단치,0.2057
전체방문객수,20201221,16612.0,iqr_log,극단치,1.1652
전체방문객수,20201222,14902.0,iqr,극단치,0.3887
전체방문객수,20201222,14902.0,iqr_log,극단치,1.5957
전체방문객수,20201223,17464.0,iqr,극단치,0.1145
전체방문객수,20201223,17464.0,iqr_log,극단치,0.967
전체방문객수,20201223,17464.0,stl,급증/급감,5.2644
전체방문객수,20201224,22008.0,iqr_log,극단치,0.0506
전체방문객수,20201224,22008.0,stl,급증/급감,9.6077
전체방문객수,20201225,19071.0,iqr_log,극단치,0.6182
전체방문객수,20201226,11431.0,iqr,극단치,0.7602
전체방문객수,20201226,11431.0,iqr_log,극단치,2.6464
전체방문객수,20201226,11431.0,mzscore,극단치,3.876
전체방문객수,20201226,11431.0,stl,급증/급감,3.4337
전체방문객수,20201226,11431.0,zscore,극단치,3.2399
전체방문객수,20201227,14112.0,iqr,극단치,0.4732
전체방문객수,20201227,14112.0,iqr_log,극단치,1.8115
전체방문객수,20201228,14201.0,iqr,극단치,0.4637
전체방문객수,20201228,14201.0,iqr_log,극단치,1.7866
전체방문객수,20201229,13722.0,iqr,극단치,0.515
전체방문객수,20201229,13722.0,iqr_log,극단치,1.9225
전체방문객수,20201229,13722.0,mzscore,극단치,3.5377
전체방문객수,20201229,13722.0,stl,급증/급감,3.6122
전체방문객수,20201230,11712.0,iqr,극단치,0.7301
전체방문객수,20201230,11712.0,iqr_log,극단치,2.5501
전체방문객수,20201230,11712.0,mzscore,극단치,3.8345
전체방문객수,20201230,11712.0,zscore,극단치,3.2038
전체방문객수,20201231,21424.0,iqr_log,극단치,0.1572
전체방문객수,20201231,21424.0,stl,급증/급감,15.6385
전체방문객수,20210101,15356.0,iqr,극단치,0.3401
전체방문객수,20210101,15356.0,iqr_log,극단치,1.4767
전체방문객수,20210102,9487.0,iqr,극단치,0.9683
전체방문객수,20210102,9487.0,iqr_log,극단치,3.385
전체방문객수,20210102,9487.0,mzscore,극단치,4.1631
전체방문객수,20210102,9487.0,stl,급증/급감,6.4242
전체방문객수,20210102,9487.0,zscore,극단치,3.4894
전체방문객수,20210103,12205.0,iqr,극단치,0.6774
전체방문객수,20210103,12205.0,iqr_log,극단치,2.3868
전체방문객수,20210103,12205.0,mzscore,극단치,3.7617
전체방문객수,20210103,12205.0,zscore,극단치,3.1405
전체방문객수,20210104,11894.0,iqr,극단치,0.7106
전체방문객수,20210104,11894.0,iqr_log,극단치,2.489
전체방문객수,20210104,11894.0,mzscore,극단치,3.8076
전체방문객수,20210104,11894.0,zscore,극단치,3.1805
전체방문객수,20210105,11004.0,iqr,극단치,0.8059
전체방문객수,20210105,11004.0,iqr_log,극단치,2.7972
전체방문객수,20210105,11004.0,mzscore,극단치,3.9391
전체방문객수,20210105,11004.0,zscore,극단치,3.2947
전체방문객수,20210106,11209.0,iqr,극단치,0.784
전체방문객수,20210106,11209.0,iqr_log,극단치,2.7241
전체방문객수,20210106,11209.0,mzscore,극단치,3.9088
전체방문객수,20210106,11209.0,zscore,극단치,3.2684
전체방문객수,20210107,2910.0,iqr,극단치,1.6722
전체방문객수,20210107,2910.0,iqr_log,극단치,8.0671
전체방문객수,20210107,2910.0,mzscore,극단치,5.1342
전체방문객수,20210107,2910.0,skewkurt,분포 왜곡,1.6459
전체방문객수,20210107,2910.0,stl,급증/급감,43.1278
전체방문객수,20210107,2910.0,zscore,극단치,4.3335
전체방문객수,20210108,504.0,iqr,극단치,1.9297
전체방문객수,20210108,504.0,iqr_log,극단치,15.0087
전체방문객수,20210108,504.0,mzscore,극단치,5.4895
전체방문객수,20210108,504.0,skewkurt,분포 왜곡,2.1676
전체방문객수,20210108,504.0,stl,급증/급감,104.2933
전체방문객수,20210108,504.0,zscore,극단치,4.6424
전체방문객수,20210109,11535.0,iqr,극단치,0.7491
전체방문객수,20210109,11535.0,iqr_log,극단치,2.6105
전체방문객수,20210109,11535.0,mzscore,극단치,3.8607
전체방문객수,20210109,11535.0,stl,급증/급감,5.5341
전체방문객수,20210109,11535.0,zscore,극단치,3.2265
전체방문객수,20210110,12186.0,iqr,극단치,0.6794
전체방문객수,20210110,12186.0,iqr_log,극단치,2.3929
전체방문객수,20210110,12186.0,mzscore,극단치,3.7645
전체방문객수,20210110,12186.0,stl,급증/급감,6.7911
전체방문객수,20210110,12186.0,zscore,극단치,3.143
전체방문객수,20210111,12910.0,iqr,극단치,0.6019
전체방문객수,20210111,12910.0,iqr_log,극단치,2.1642
전체방문객수,20210111,12910.0,mzscore,극단치,3.6576
전체방문객수,20210111,12910.0,stl,급증/급감,4.7167
전체방문객수,20210111,12910.0,zscore,극단치,3.05
전체방문객수,20210112,13477.0,iqr,극단치,0.5412
전체방문객수,20210112,13477.0,iqr_log,극단치,1.9939
전체방문객수,20210112,13477.0,mzscore,극단치,3.5739
전체방문객수,20210113,14323.0,iqr,극단치,0.4507
전체방문객수,20210113,14323.0,iqr_log,극단치,1.7527
전체방문객수,20210114,15498.0,iqr,극단치,0.3249
전체방문객수,20210114,15498.0,iqr_log,극단치,1.4403
전체방문객수,20210115,17985.0,iqr,극단치,0.0587
전체방문객수,20210115,17985.0,iqr_log,극단치,0.8505
전체방문객수,20210116,16661.0,iqr,극단치,0.2004
전체방문객수,20210116,16661.0,iqr_log,극단치,1.1535
전체방문객수,20210117,18051.0,iqr,극단치,0.0516
전체방문객수,20210117,18051.0,iqr_log,극단치,0.836
전체방문객수,20210118,16188.0,iqr,극단치,0.251
전체방문객수,20210118,16188.0,iqr_log,극단치,1.2677
전체방문객수,20210119,15828.0,iqr,극단치,0.2896
전체방문객수,20210119,15828.0,iqr_log,극단치,1.3568
전체방문객수,20210120,16073.0,iqr,극단치,0.2634
전체방문객수,20210120,16073.0,iqr_log,극단치,1.2959
전체방문객수,20210121,16638.0,iqr,극단치,0.2029
전체방문객수,20210121,16638.0,iqr_log,극단치,1.159
전체방문객수,20210122,19957.0,iqr_log,극단치,0.4383
전체방문객수,20210123,18664.0,iqr_log,극단치,0.7037
전체방문객수,20210124,20173.0,iqr_log,극단치,0.3956
전체방문객수,20210125,18466.0,iqr,극단치,0.0072
전체방문객수,20210125,18466.0,iqr_log,극단치,0.7459
전체방문객수,20210126,17935.0,iqr,극단치,0.0641
전체방문객수,20210126,17935.0,iqr_log,극단치,0.8616
전체방문객수,20210127,18722.0,iqr_log,극단치,0.6914
전체방문객수,20210128,16890.0,iqr,극단치,0.1759
전체방문객수,20210128,16890.0,iqr_log,극단치,1.0994
전체방문객수,20210128,16890.0,stl,급증/급감,4.1984
전체방문객수,20210131,20944.0,iqr_log,극단치,0.247
전체방문객수,20210201,20230.0,iqr_log,극단치,0.3844
전체방문객수,20210202,19497.0,iqr_log,극단치,0.5307
전체방문객수,20210203,19762.0,iqr_log,극단치,0.4772
전체방문객수,20210204,21208.0,iqr_log,극단치,0.1973
전체방문객수,20210208,20832.0,iqr_log,극단치,0.2682
전체방문객수,20210209,22179.0,iqr_log,극단치,0.0199
전체방문객수,20210210,31489.0,stl,급증/급감,13.7561
전체방문객수,20210211,36326.0,stl,급증/급감,13.9744
전체방문객수,20210214,32046.0,stl,급증/급감,5.1853
전체방문객수,20210215,29696.0,stl,급증/급감,3.6748
전체방문객수,20210224,28636.0,stl,급증/급감,4.6361
전체방문객수,20210227,36130.0,stl,급증/급감,6.8427
전체방문객수,20210301,22317.0,stl,급증/급감,5.2442
전체방문객수,20210303,21029.0,iqr_log,극단치,0.2309
전체방문객수,20210304,22117.0,iqr_log,극단치,0.031
전체방문객수,20210304,22117.0,stl,급증/급감,3.7198
전체방문객수,20210412,29491.0,stl,급증/급감,5.8577
전체방문객수,20210501,44095.0,stl,급증/급감,3.936
전체방문객수,20210503,30410.0,stl,급증/급감,4.9091
전체방문객수,20210504,23836.0,stl,급증/급감,9.0699
전체방문객수,20210505,45594.0,stl,급증/급감,10.0821
전체방문객수,20210507,34167.0,stl,급증/급감,5.2522
전체방문객수,20210508,32119.0,stl,급증/급감,6.5122
전체방문객수,20210518,35851.0,stl,급증/급감,4.4923
전체방문객수,20210519,40100.0,stl,급증/급감,7.4701
전체방문객수,20210730,42783.0,stl,급증/급감,3.9166
전체방문객수,20210731,46909.0,stl,급증/급감,6.2132
전체방문객수,20210801,44382.0,stl,급증/급감,5.3345
전체방문객수,20210814,42245.0,stl,급증/급감,4.6542
전체방문객수,20210818,27167.0,stl,급증/급감,5.2376
전체방문객수,20210819,26651.0,stl,급증/급감,5.6053
전체방문객수,20210820,27865.0,stl,급증/급감,5.804
전체방문객수,20210821,25371.0,stl,급증/급감,6.6304
전체방문객수,20210823,20253.0,iqr_log,극단치,0.3799
전체방문객수,20210823,20253.0,stl,급증/급감,8.512
전체방문객수,20210824,21442.0,iqr_log,극단치,0.1539
전체방문객수,20210906,50515.0,stl,급증/급감,19.3584
전체방문객수,20210907,21737.0,iqr_log,극단치,0.0997
전체방문객수,20210913,20205.0,iqr_log,극단치,0.3893
전체방문객수,20210913,20205.0,stl,급증/급감,10.5139
전체방문객수,20210914,14356.0,iqr,극단치,0.4471
전체방문객수,20210914,14356.0,iqr_log,극단치,1.7436
전체방문객수,20210914,14356.0,stl,급증/급감,13.3644
전체방문객수,20210915,16821.0,iqr,극단치,0.1833
전체방문객수,20210915,16821.0,iqr_log,극단치,1.1157
전체방문객수,20210915,16821.0,stl,급증/급감,12.7649
전체방문객수,20210916,21247.0,iqr_log,극단치,0.1901
전체방문객수,20210916,21247.0,stl,급증/급감,11.6636
전체방문객수,20210918,50818.0,stl,급증/급감,8.8065
전체방문객수,20210919,48546.0,stl,급증/급감,11.663
전체방문객수,20210921,33405.0,stl,급증/급감,6.874
전체방문객수,20210922,44601.0,stl,급증/급감,13.534
전체방문객수,20210924,34339.0,stl,급증/급감,5.0108
전체방문객수,20210925,32530.0,stl,급증/급감,7.3345
전체방문객수,20211016,37364.0,stl,급증/급감,4.3319
전체방문객수,20211130,30005.0,stl,급증/급감,4.5146
전체방문객수,20211227,39615.0,stl,급증/급감,5.4653
전체방문객수,20211228,36229.0,stl,급증/급감,5.1767
전체방문객수,20211229,39012.0,stl,급증/급감,5.8204
전체방문객수,20211230,41145.0,stl,급증/급감,3.952
전체방문객수,20220101,29524.0,stl,급증/급감,6.6136
전체방문객수,20220102,32793.0,stl,급증/급감,4.9478
전체방문객수,20220128,40403.0,stl,급증/급감,4.3298
전체방문객수,20220129,47862.0,stl,급증/급감,10.8376
전체방문객수,20220130,44404.0,stl,급증/급감,6.4248
전체방문객수,20220131,33209.0,stl,급증/급감,3.0331
전체방문객수,20220202,42697.0,stl,급증/급감,6.7227
전체방문객수,20220226,43740.0,stl,급증/급감,4.1947
전체방문객수,20220228,25881.0,stl,급증/급감,9.4456
전체방문객수,20220301,23631.0,stl,급증/급감,6.6134
전체방문객수,20220302,24106.0,stl,급증/급감,4.0828
전체방문객수,20220303,23437.0,stl,급증/급감,5.4676
전체방문객수,20220307,23298.0,stl,급증/급감,5.3178
전체방문객수,20220309,28646.0,stl,급증/급감,4.1511
전체방문객수,20220325,19028.0,iqr_log,극단치,0.6271
전체방문객수,20220325,19028.0,stl,급증/급감,19.7184
전체방문객수,20220326,40341.0,stl,급증/급감,6.0296
전체방문객수,20220329,26063.0,stl,급증/급감,4.4617
전체방문객수,20220330,26271.0,stl,급증/급감,6.0731
전체방문객수,20220504,43888.0,stl,급증/급감,3.4095
전체방문객수,20220505,47919.0,stl,급증/급감,4.1749
전체방문객수,20220506,35449.0,stl,급증/급감,5.7404
전체방문객수,20220507,32443.0,stl,급증/급감,7.8436
전체방문객수,20220812,46906.0,stl,급증/급감,3.1591
전체방문객수,20220813,49572.0,stl,급증/급감,5.0187
전체방문객수,20220830,31070.0,stl,급증/급감,5.4397
전체방문객수,20220902,24993.0,stl,급증/급감,13.218
전체방문객수,20220903,16322.0,iqr,극단치,0.2367
전체방문객수,20220903,16322.0,iqr_log,극단치,1.235
전체방문객수,20220903,16322.0,stl,급증/급감,27.5449
전체방문객수,20220904,14414.0,iqr,극단치,0.4409
전체방문객수,20220904,14414.0,iqr_log,극단치,1.7276
전체방문객수,20220904,14414.0,stl,급증/급감,30.7437
전체방문객수,20220905,2137.0,iqr,극단치,1.755
전체방문객수,20220905,2137.0,iqr_log,극단치,9.2902
전체방문객수,20220905,2137.0,mzscore,극단치,5.2483
전체방문객수,20220905,2137.0,skewkurt,분포 왜곡,1.8019
전체방문객수,20220905,2137.0,stl,급증/급감,90.9953
전체방문객수,20220905,2137.0,zscore,극단치,4.4328
전체방문객수,20220906,12303.0,iqr,극단치,0.6669
전체방문객수,20220906,12303.0,iqr_log,극단치,2.3551
전체방문객수,20220906,12303.0,mzscore,극단치,3.7473
전체방문객수,20220906,12303.0,stl,급증/급감,35.0883
전체방문객수,20220906,12303.0,zscore,극단치,3.128
전체방문객수,20220908,47431.0,stl,급증/급감,6.2415
전체방문객수,20220909,51907.0,stl,급증/급감,7.4233
전체방문객수,20221129,27555.0,stl,급증/급감,4.1357
전체방문객수,20221217,30517.0,stl,급증/급감,3.3101
전체방문객수,20221218,28082.0,stl,급증/급감,5.297
전체방문객수,20221222,11826.0,iqr,극단치,0.7179
전체방문객수,20221222,11826.0,iqr_log,극단치,2.5118
전체방문객수,20221222,11826.0,mzscore,극단치,3.8177
전체방문객수,20221222,11826.0,stl,급증/급감,34.5276
전체방문객수,20221222,11826.0,zscore,극단치,3.1892
전체방문객수,20221223,475.0,iqr,극단치,1.9328
전체방문객수,20221223,475.0,iqr_log,극단치,15.2431
전체방문객수,20221223,475.0,mzscore,극단치,5.4937
전체방문객수,20221223,475.0,skewkurt,분포 왜곡,2.1745
전체방문객수,20221223,475.0,stl,급증/급감,134.5132
전체방문객수,20221223,475.0,zscore,극단치,4.6461
전체방문객수,20230101,29976.0,stl,급증/급감,5.1728
전체방문객수,20230102,32874.0,stl,급증/급감,3.5994
전체방문객수,20230113,30442.0,stl,급증/급감,6.0782
전체방문객수,20230118,29157.0,stl,급증/급감,4.3167
전체방문객수,20230121,43133.0,stl,급증/급감,6.855
전체방문객수,20230124,775.0,iqr,극단치,1.9007
전체방문객수,20230124,775.0,iqr_log,극단치,13.3063
전체방문객수,20230124,775.0,mzscore,극단치,5.4495
전체방문객수,20230124,775.0,skewkurt,분포 왜곡,2.1034
전체방문객수,20230124,775.0,stl,급증/급감,116.4104
전체방문객수,20230124,775.0,zscore,극단치,4.6076
전체방문객수,20230125,44137.0,stl,급증/급감,6.2334
전체방문객수,20230127,29875.0,stl,급증/급감,7.9899
전체방문객수,20230302,29050.0,stl,급증/급감,3.8498
전체방문객수,20230405,22115.0,iqr_log,극단치,0.0314
전체방문객수,20230405,22115.0,stl,급증/급감,15.4691
전체방문객수,20230418,25843.0,stl,급증/급감,10.2037
전체방문객수,20230503,36650.0,stl,급증/급감,4.1771
전체방문객수,20230504,20823.0,iqr_log,극단치,0.2699
전체방문객수,20230504,20823.0,stl,급증/급감,20.7533
전체방문객수,20230505,27993.0,stl,급증/급감,12.7472
전체방문객수,20230506,33206.0,stl,급증/급감,6.4784
전체방문객수,20230507,28020.0,stl,급증/급감,9.935
전체방문객수,20230605,35062.0,stl,급증/급감,4.046
전체방문객수,20230610,39194.0,stl,급증/급감,3.8328
전체방문객수,20230728,43477.0,stl,급증/급감,4.2959
전체방문객수,20230729,50652.0,stl,급증/급감,6.2024
전체방문객수,20230809,22668.0,stl,급증/급감,16.8559
전체방문객수,20230810,19902.0,iqr_log,극단치,0.4492
전체방문객수,20230810,19902.0,stl,급증/급감,20.005
전체방문객수,20230811,45063.0,stl,급증/급감,5.8291
전체방문객수,20230812,46914.0,stl,급증/급감,5.7063
전체방문객수,20230924,31146.0,stl,급증/급감,4.318
전체방문객수,20230926,38674.0,stl,급증/급감,5.8988
전체방문객수,20230927,46192.0,stl,급증/급감,8.1662
전체방문객수,20230928,49040.0,stl,급증/급감,9.1139
전체방문객수,20230929,49866.0,stl,급증/급감,6.2858
전체방문객수,20230930,50224.0,stl,급증/급감,7.1066
전체방문객수,20231004,34388.0,stl,급증/급감,4.6057
전체방문객수,20231005,32344.0,stl,급증/급감,5.459
전체방문객수,20231007,47215.0,stl,급증/급감,5.6369
전체방문객수,20231009,34181.0,stl,급증/급감,3.5692
전체방문객수,20231216,30698.0,stl,급증/급감,5.5254
전체방문객수,20231218,33839.0,stl,급증/급감,3.6151
전체방문객수,20231221,21982.0,iqr_log,극단치,0.0553
전체방문객수,20231221,21982.0,stl,급증/급감,13.9383
전체방문객수,20231222,17953.0,iqr,극단치,0.0621
전체방문객수,20231222,17953.0,iqr_log,극단치,0.8576
전체방문객수,20231222,17953.0,stl,급증/급감,23.1405
전체방문객수,20231223,46829.0,stl,급증/급감,4.6551
전체방문객수,20231227,39375.0,stl,급증/급감,5.2321
전체방문객수,20231228,43122.0,stl,급증/급감,6.03
전체방문객수,20240105,32476.0,stl,급증/급감,4.6265
전체방문객수,20240108,38261.0,stl,급증/급감,4.2204
전체방문객수,20240117,38112.0,stl,급증/급감,3.4202
전체방문객수,20240121,40519.0,stl,급증/급감,3.5399
전체방문객수,20240123,2668.0,iqr,극단치,1.6981
전체방문객수,20240123,2668.0,iqr_log,극단치,8.4111
전체방문객수,20240123,2668.0,mzscore,극단치,5.1699
전체방문객수,20240123,2668.0,skewkurt,분포 왜곡,1.6936
전체방문객수,20240123,2668.0,stl,급증/급감,78.3465
전체방문객수,20240123,2668.0,zscore,극단치,4.3646
전체방문객수,20240125,40433.0,stl,급증/급감,3.8787
전체방문객수,20240203,32195.0,stl,급증/급감,3.9279
전체방문객수,20240204,31073.0,stl,급증/급감,4.7406
전체방문객수,20240205,29966.0,stl,급증/급감,6.6569
전체방문객수,20240213,42265.0,stl,급증/급감,3.2172
전체방문객수,20240219,25840.0,stl,급증/급감,9.9505
전체방문객수,20240225,36805.0,stl,급증/급감,4.3144
전체방문객수,20240304,25821.0,stl,급증/급감,7.5707
전체방문객수,20240305,23479.0,stl,급증/급감,8.9252
전체방문객수,20240307,29711.0,stl,급증/급감,5.0071
전체방문객수,20240310,35534.0,stl,급증/급감,7.4922
전체방문객수,20240328,36602.0,stl,급증/급감,6.2406
전체방문객수,20240404,39914.0,stl,급증/급감,4.1783
전체방문객수,20240413,38906.0,stl,급증/급감,4.2707
전체방문객수,20240416,42468.0,stl,급증/급감,5.3878
전체방문객수,20240420,36409.0,stl,급증/급감,7.4078
전체방문객수,20240430,41058.0,stl,급증/급감,4.0511
전체방문객수,20240501,48367.0,stl,급증/급감,5.6497
전체방문객수,20240503,48347.0,stl,급증/급감,4.9188
전체방문객수,20240505,29679.0,stl,급증/급감,8.6046
전체방문객수,20240521,43281.0,stl,급증/급감,3.613
전체방문객수,20240523,47297.0,stl,급증/급감,5.7604
전체방문객수,20240527,47963.0,stl,급증/급감,5.555
전체방문객수,20240529,40526.0,stl,급증/급감,3.0643
전체방문객수,20240606,48064.0,stl,급증/급감,4.3894
전체방문객수,20240610,45407.0,stl,급증/급감,4.2897
전체방문객수,20240616,46593.0,stl,급증/급감,6.0779
전체방문객수,20240620,44414.0,stl,급증/급감,5.0863
전체방문객수,20240625,38839.0,stl,급증/급감,6.2817
전체방문객수,20240629,31522.0,stl,급증/급감,3.1002
전체방문객수,20240701,30773.0,stl,급증/급감,3.9021
전체방문객수,20240707,40472.0,stl,급증/급감,5.0897
전체방문객수,20240717,43010.0,stl,급증/급감,5.4744
전체방문객수,20240731,48761.0,stl,급증/급감,4.3028
전체방문객수,20240814,50261.0,stl,급증/급감,7.1114
전체방문객수,20240815,45950.0,stl,급증/급감,4.7135
전체방문객수,20240826,44322.0,stl,급증/급감,4.4228
전체방문객수,20240827,41607.0,stl,급증/급감,5.4471
전체방문객수,20240911,31277.0,stl,급증/급감,6.2919
전체방문객수,20240913,44717.0,stl,급증/급감,4.5264
전체방문객수,20240914,49162.0,stl,급증/급감,5.3675
전체방문객수,20240915,52243.0,stl,급증/급감,6.3038
전체방문객수,20240921,31337.0,stl,급증/급감,9.7593
전체방문객수,20240922,36144.0,stl,급증/급감,4.43
전체방문객수,20240924,45444.0,stl,급증/급감,5.0005
전체방문객수,20241003,49489.0,stl,급증/급감,8.3456
전체방문객수,20241005,32532.0,stl,급증/급감,6.6117
전체방문객수,20241025,44586.0,stl,급증/급감,5.6397
전체방문객수,20241114,39919.0,stl,급증/급감,3.9131
전체방문객수,20241120,37150.0,stl,급증/급감,3.8527
전체방문객수,20241127,23914.0,stl,급증/급감,6.8122
전체방문객수,20241226,37203.0,stl,급증/급감,4.0014
전체방문객수,20250109,16027.0,iqr,극단치,0.2683
전체방문객수,20250109,16027.0,iqr_log,극단치,1.3073
전체방문객수,20250109,16027.0,stl,급증/급감,18.3067
전체방문객수,20250110,36194.0,stl,급증/급감,5.66
전체방문객수,20250125,43631.0,stl,급증/급감,9.7978
전체방문객수,20250126,41922.0,stl,급증/급감,9.7853
전체방문객수,20250127,37110.0,stl,급증/급감,5.8463
전체방문객수,20250129,39180.0,stl,급증/급감,8.554
전체방문객수,20250130,38688.0,stl,급증/급감,8.2384
전체방문객수,20250203,34185.0,stl,급증/급감,4.396
전체방문객수,20250204,23716.0,stl,급증/급감,7.3885
전체방문객수,20250205,25283.0,stl,급증/급감,5.7563
전체방문객수,20250207,10590.0,iqr,극단치,0.8502
전체방문객수,20250207,10590.0,iqr_log,극단치,2.9492
전체방문객수,20250207,10590.0,mzscore,극단치,4.0002
전체방문객수,20250207,10590.0,stl,급증/급감,34.7872
전체방문객수,20250207,10590.0,zscore,극단치,3.3478
전체방문객수,20250222,31451.0,stl,급증/급감,3.1892
전체방문객수,20250226,30855.0,stl,급증/급감,3.8058
전체방문객수,20250302,27508.0,stl,급증/급감,5.6382
전체방문객수,20250303,22680.0,stl,급증/급감,8.8796
전체방문객수,20250304,20335.0,iqr_log,극단치,0.3639
전체방문객수,20250304,20335.0,stl,급증/급감,10.9557
전체방문객수,20250305,23231.0,stl,급증/급감,6.1187
전체방문객수,20250307,33779.0,stl,급증/급감,4.4334
전체방문객수,20250316,24189.0,stl,급증/급감,5.6096
전체방문객수,20250318,23737.0,stl,급증/급감,5.7453
전체방문객수,20250401,37204.0,stl,급증/급감,5.4844
전체방문객수,20250402,39617.0,stl,급증/급감,4.5448
전체방문객수,20250412,29228.0,stl,급증/급감,6.2058
전체방문객수,20250413,41260.0,stl,급증/급감,4.4252
전체방문객수,20250414,31370.0,stl,급증/급감,4.4988
전체방문객수,20250501,48907.0,stl,급증/급감,6.8141
전체방문객수,20250504,49151.0,stl,급증/급감,7.7416
전체방문객수,20250505,33294.0,stl,급증/급감,6.4213
전체방문객수,20250507,33358.0,stl,급증/급감,6.6824
전체방문객수,20250509,32072.0,stl,급증/급감,9.9794
전체방문객수,20250510,48430.0,stl,급증/급감,6.2492
전체방문객수,20250516,37339.0,stl,급증/급감,4.8856
전체방문객수,20250518,43667.0,stl,급증/급감,5.2546
전체방문객수,20250522,42995.0,stl,급증/급감,5.36
전체방문객수,20250526,45675.0,stl,급증/급감,4.6474
전체방문객수,20250530,49594.0,stl,급증/급감,4.7682
전체방문객수,20250606,48901.0,stl,급증/급감,3.2468
전체방문객수,20250607,35577.0,stl,급증/급감,5.1889
전체방문객수,20250629,41387.0,stl,급증/급감,4.1974
전체방문객수,20250705,42494.0,stl,급증/급감,4.9066
전체방문객수,20250707,41439.0,stl,급증/급감,3.8225
전체방문객수,20250708,40108.0,stl,급증/급감,5.3718
전체방문객수,20250718,36139.0,stl,급증/급감,5.9208
전체방문객수,20250809,39360.0,stl,급증/급감,3.7498
전체방문객수,20250814,50127.0,stl,급증/급감,6.9021
전체방문객수,20250815,48657.0,stl,급증/급감,3.3508
전체방문객수,20250826,47088.0,stl,급증/급감,8.2999
전체방문객수,20250827,46207.0,stl,급증/급감,4.1847
전체방문객수,20250831,43724.0,stl,급증/급감,4.8932
전체방문객수,20250904,48288.0,stl,급증/급감,7.7433
전체방문객수,20250916,41377.0,stl,급증/급감,6.0452
전체방문객수,20250927,36871.0,stl,급증/급감,7.8486
전체방문객수,20250929,34760.0,stl,급증/급감,5.5226
전체방문객수,20251007,49174.0,stl,급증/급감,6.5786
전체방문객수,20251010,38294.0,stl,급증/급감,8.5847
전체방문객수,20251011,30114.0,stl,급증/급감,14.1912
전체방문객수,20251012,32312.0,stl,급증/급감,7.6119
전체방문객수,20251020,45811.0,stl,급증/급감,3.5063
전체방문객수,20251103,44806.0,stl,급증/급감,4.5321
전체방문객수,20251109,44169.0,stl,급증/급감,3.8713
전체방문객수,20251112,46060.0,stl,급증/급감,5.9774
전체방문객수,20251113,46875.0,stl,급증/급감,4.6594
전체방문객수,20251203,28869.0,stl,급증/급감,4.2355
전체방문객수,20251231,45131.0,stl,급증/급감,5.548
전체방문객수,20260102,32055.0,stl,급증/급감,5.3586
전체방문객수,20260128,40388.0,stl,급증/급감,4.773
전체방문객수,20260208,24276.0,stl,급증/급감,14.6611
전체방문객수,20260209,42709.0,stl,급증/급감,5.9876
전체방문객수,20260214,46995.0,stl,급증/급감,7.51
전체방문객수,20260215,47792.0,stl,급증/급감,4.6811
전체방문객수,20260228,41988.0,stl,급증/급감,4.1415
전체방문객수,20260301,30853.0,stl,급증/급감,6.9347
전체방문객수,20260302,25539.0,stl,급증/급감,9.1368
전체방문객수,20260304,27480.0,stl,급증/급감,5.3224
전체방문객수,20260305,28147.0,stl,급증/급감,4.3892
전체방문객수,20260308,29960.0,stl,급증/급감,4.6881
전체방문객수,20260317,28542.0,stl,급증/급감,3.7929
전체방문객수,20260326,39501.0,stl,급증/급감,3.711
전체방문객수,20260404,36829.0,stl,급증/급감,4.3908
전체방문객수,20260409,21088.0,iqr_log,극단치,0.2198
전체방문객수,20260409,21088.0,stl,급증/급감,18.2984
전체방문객수,20260416,44324.0,stl,급증/급감,5.8338
전체방문객수,20260419,44044.0,stl,급증/급감,4.6047
전체방문객수,20260501,52958.0,stl,급증/급감,8.1105
전체방문객수,20260502,46764.0,stl,급증/급감,5.8968
전체방문객수,20260503,45834.0,stl,급증/급감,5.675
전체방문객수,20260514,43703.0,stl,급증/급감,4.4924
전체방문객수,20260517,35248.0,stl,급증/급감,4.1887
전체방문객수,20260520,35290.0,stl,급증/급감,4.7072
전체방문객수,20260522,45700.0,stl,급증/급감,3.9514
전체방문객수,20260523,47673.0,stl,급증/급감,6.2277
전체방문객수,20260525,31784.0,stl,급증/급감,6.0701
전체방문객수,20260528,42612.0,stl,급증/급감,6.5251
전체방문객수,20260605,34992.0,stl,급증/급감,4.5576
전체방문객수,20260609,40007.0,stl,급증/급감,6.3609
전체방문객수,20260620,34746.0,stl,급증/급감,4.3264
전체방문객수,20260705,32880.0,stl,급증/급감,4.0829
전체방문객수,20260707,37618.0,stl,급증/급감,4.0938
전체방문객수,20260712,27530.0,stl,급증/급감,12.0098
전체방문객수,20260717,48831.0,stl,급증/급감,5.6504
전체방문객수,20260718,36651.0,stl,급증/급감,6.0302
전체방문객수,20260727,51011.0,stl,급증/급감,6.5753
전체방문객수,20260808,39635.0,stl,급증/급감,8.4173
전체방문객수,20260812,46976.0,stl,급증/급감,3.3154
전체방문객수,20260813,48447.0,stl,급증/급감,5.3063
전체방문객수,20260814,48956.0,stl,급증/급감,3.6095
전체방문객수,20260824,50714.0,stl,급증/급감,10.3878
전체방문객수,20260829,39071.0,stl,급증/급감,7.6468
